Season,Name,Tm,G,PA,AB,H,1B,2B,3B,HR,R,RBI,BB,IBB,SO,HBP,SF,SH,GDP,SB,CS,AVG,playerId
2024,"David Peralta","SDP",19,26,20,4,3,1,0,0,3,1,4,0,8,2,0,0,0,0,0,0.2,2136
2024,"Carlos Santana","MIN",78,163,147,42,23,7,0,12,24,29,15,2,28,1,0,0,4,0,0,0.285714285,2396
2024,"Tommy Pham","3 Tms",56,119,108,24,16,3,1,4,16,12,10,0,22,1,0,0,1,3,0,0.222222222,2967
2024,"Anthony Rizzo","NYY",52,97,86,19,17,2,0,0,4,3,5,0,19,5,1,0,2,0,0,0.220930232,3473
2024,"Jason Heyward","2 Tms",19,22,22,4,3,0,0,1,4,2,0,0,11,0,0,0,0,0,0,0.181818181,4940
2024,"Giancarlo Stanton","NYY",64,140,126,30,19,6,0,5,10,16,11,2,39,1,2,0,6,0,0,0.238095238,4949
2024,"Justin Turner","2 Tms",70,141,119,30,18,9,0,3,17,19,17,2,25,3,2,0,1,0,1,0.25210084,5235
2024,"Robbie Grossman","3 Tms",62,126,107,26,18,5,0,3,12,11,18,0,30,0,1,0,4,2,0,0.242990654,5254
2024,"Freddie Freeman","LAD",104,224,192,48,29,11,1,7,18,28,21,1,34,6,5,0,6,3,0,0.25,5361
2024,"Jose Altuve","HOU",72,170,154,57,39,14,0,4,31,16,12,1,28,4,0,0,4,6,3,0.37012987,5417
2024,"Kyle Higashioka","SDP",44,85,81,16,6,2,1,7,10,18,4,0,24,0,0,0,1,0,0,0.197530864,5517
2024,"Avisail Garcia","MIA",17,39,38,10,7,1,0,2,4,2,1,0,11,0,0,0,3,0,0,0.263157894,5760
2024,"Wilmer Flores","SFG",46,108,97,21,12,7,0,2,7,17,8,1,13,0,3,0,0,0,0,0.216494845,5827
2024,"J.D. Martinez","NYM",64,138,118,31,19,6,0,6,18,24,18,0,38,2,0,0,1,0,0,0.262711864,6184
2024,"Martin Maldonado","CHW",26,45,41,2,1,0,0,1,2,3,2,0,17,0,0,2,2,0,0,0.048780487,6887
2024,"Salvador Perez","KCR",80,158,145,43,30,4,0,9,17,25,8,4,29,3,2,0,2,0,0,0.296551724,7304
2024,"Travis d'Arnaud","ATL",41,77,67,17,8,2,0,7,11,15,6,0,19,2,2,0,2,0,0,0.253731343,7739
2024,"Miguel Rojas","LAD",58,114,104,27,19,6,0,2,12,13,8,0,11,1,1,0,4,5,0,0.259615384,7802
2024,"Charlie Blackmon","COL",70,114,104,27,18,6,2,1,5,10,8,0,13,2,0,0,2,2,1,0.259615384,7859
2024,"Donovan Solano","SDP",59,118,106,32,25,3,0,4,10,12,12,0,20,0,0,0,2,0,0,0.301886792,8623
2024,"Paul Goldschmidt","STL",85,167,146,43,27,11,0,5,26,16,16,1,28,1,1,0,3,5,0,0.294520547,9218
2024,"Starling Marte","NYM",49,113,100,31,22,5,2,2,16,12,11,0,25,1,0,1,1,5,1,0.31,9241
2024,"Christian Vazquez","MIN",51,94,90,18,12,3,0,3,10,11,3,0,21,0,1,0,3,2,0,0.2,9774
2024,"Nolan Arenado","STL",86,154,145,34,23,6,0,5,19,17,6,0,17,1,2,0,5,1,0,0.234482758,9777
2024,"Andrew McCutchen","PIT",74,141,120,24,15,3,0,6,18,14,17,0,41,4,0,0,1,1,1,0.2,9847
2024,"DJ LeMahieu","NYY",39,85,73,12,11,0,0,1,6,9,8,0,10,0,4,0,5,0,0,0.164383561,9874
2024,"Christian Bethancourt","2 Tms",26,51,50,12,6,4,0,2,7,8,1,0,13,0,0,0,1,2,0,0.24,10028
2024,"Tucker Barnhart","ARI",20,33,30,3,2,1,0,0,5,1,2,0,13,0,0,1,0,0,0,0.1,10200
2024,"Jose Iglesias","NYM",54,101,92,37,26,10,0,1,18,6,4,1,12,5,0,0,0,3,1,0.402173913,10231
2024,"Randal Grichuk","ARI",94,184,163,52,31,14,1,6,21,32,16,0,28,3,2,0,2,0,0,0.319018404,10243
2024,"Marcell Ozuna","ATL",72,163,141,45,30,10,0,5,23,24,21,0,47,0,0,0,3,0,0,0.319148936,10324
2024,"Jon Singleton","HOU",48,82,76,11,7,2,0,2,6,3,6,0,31,0,0,0,1,0,0,0.144736842,10441
2024,"Enrique Hernandez","LAD",78,144,136,32,21,5,0,6,17,12,8,0,27,0,0,0,7,0,0,0.235294117,10472
2024,"Gio Urshela","2 Tms",60,107,96,17,13,4,0,0,7,8,9,1,18,0,2,0,5,0,0,0.177083333,10681
2024,"Jurickson Profar","SDP",86,175,150,45,31,6,0,8,21,31,20,3,17,2,2,1,5,1,1,0.3,10815
2024,"Adam Duvall","ATL",61,123,107,27,15,4,0,8,17,19,13,0,28,2,1,0,2,0,0,0.252336448,10950
2024,"Kevin Kiermaier","2 Tms",35,57,51,8,6,2,0,0,2,2,5,0,17,0,0,1,1,2,0,0.156862745,11038
2024,"Whit Merrifield","2 Tms",58,121,107,22,16,3,0,3,15,6,13,0,15,0,0,1,3,6,2,0.205607476,11281
2024,"Yasmani Grandal","PIT",33,60,55,13,10,3,0,0,5,5,4,0,14,0,0,1,3,0,0,0.236363636,11368
2024,"Gary Sanchez","MIL",57,119,104,22,14,1,0,7,15,18,12,0,30,1,2,0,2,0,0,0.211538461,11442
2024,"Mark Canha","2 Tms",71,129,109,30,21,7,0,2,12,9,17,2,27,2,1,0,2,2,0,0.275229357,11445
2024,"Christian Yelich","MIL",54,99,87,28,21,2,1,4,14,15,10,0,17,1,0,1,1,6,0,0.32183908,11477
2024,"Michael A. Taylor","PIT",57,105,92,18,11,3,1,3,19,9,9,0,37,0,2,2,0,1,0,0.195652173,11489
2024,"Manny Machado","SDP",72,145,129,33,20,6,0,7,16,17,16,3,31,0,0,0,3,3,0,0.255813953,11493
2024,"Bryce Harper","PHI",106,226,196,59,34,16,0,9,28,31,28,1,53,0,1,1,8,2,1,0.301020408,11579
2024,"Willson Contreras","STL",39,90,75,20,11,5,0,4,13,9,15,1,22,0,0,0,7,2,1,0.266666666,11609
2024,"Brandon Drury","LAA",43,80,74,13,11,2,0,0,5,4,4,0,21,0,2,0,4,1,0,0.175675675,11615
2024,"Elias Diaz","2 Tms",47,102,95,24,18,5,0,1,6,9,6,1,20,0,1,0,3,0,0,0.252631578,11680
2024,"Nick Castellanos","PHI",87,170,156,42,25,7,0,10,23,34,12,2,39,1,1,0,3,1,0,0.269230769,11737
2024,"J.T. Realmuto","PHI",57,122,112,32,23,5,0,4,11,14,9,0,29,1,0,0,2,1,0,0.285714285,11739
2024,"Joc Pederson","ARI",37,42,32,7,5,1,0,1,6,4,7,0,18,3,0,0,0,1,0,0.21875,11899
2024,"Nick Martini","CIN",21,34,33,6,3,1,1,1,6,3,0,0,8,1,0,0,0,0,1,0.181818181,12005
2024,"Jon Berti","NYY",15,30,27,7,7,0,0,0,3,0,1,0,5,1,0,1,1,2,0,0.259259259,12037
2024,"Max Kepler","MIN",56,82,77,21,14,5,0,2,8,10,2,0,19,2,1,0,0,0,0,0.272727272,12144
2024,"Nick Ahmed","3 Tms",49,87,79,22,19,1,1,1,9,8,7,0,18,0,1,0,3,2,1,0.278481012,12147
2024,"Eddie Rosario","2 Tms",27,34,29,5,5,0,0,0,2,2,3,0,6,0,1,1,1,1,0,0.172413793,12155
2024,"Austin Barnes","LAD",24,43,38,14,12,2,0,0,4,4,4,0,6,0,0,1,0,0,0,0.368421052,12158
2024,"Xander Bogaerts","SDP",55,108,94,21,16,2,1,2,11,7,12,0,15,0,2,0,2,4,2,0.223404255,12161
2024,"Miguel Sano","LAA",11,21,17,4,3,1,0,0,1,0,4,0,3,0,0,0,1,0,0,0.235294117,12164
2024,"Kevin Pillar","2 Tms",61,125,116,36,21,11,1,3,12,24,5,0,22,3,1,0,2,3,1,0.310344827,12434
2024,"Curt Casali","SFG",25,49,42,8,6,2,0,0,4,2,7,0,10,0,0,0,0,0,0,0.19047619,12510
2024,"Marcus Semien","TEX",79,174,154,41,28,7,1,5,29,18,20,1,25,0,0,0,0,1,1,0.266233766,12533
2024,"Eugenio Suarez","ARI",89,194,168,43,30,3,0,10,35,26,22,0,61,1,3,0,4,0,0,0.25595238,12552
2024,"Trevor Story","BOS",12,20,18,3,2,1,0,0,1,1,2,1,9,0,0,0,1,0,0,0.166666666,12564
2024,"George Springer","TOR",73,145,123,23,18,2,0,3,13,8,20,0,32,1,1,0,5,3,0,0.186991869,12856
2024,"James McCann","BAL",38,84,80,17,10,3,0,4,9,13,2,0,17,1,1,0,2,0,0,0.2125,12859
2024,"Anthony Rendon","LAA",17,34,29,7,7,0,0,0,3,2,4,0,5,0,1,0,1,1,0,0.24137931,12861
2024,"Francisco Lindor","NYM",79,170,156,41,19,11,0,11,28,23,11,0,26,3,0,0,3,8,0,0.262820512,12916
2024,"Brandon Nimmo","NYM",87,170,153,38,24,9,1,4,23,19,10,0,41,7,0,0,1,6,0,0.248366013,12927
2024,"Austin Hedges","CLE",29,65,60,13,12,0,0,1,6,7,1,0,22,2,1,1,1,0,0,0.216666666,12976
2024,"Javier Baez","DET",33,65,63,10,7,2,0,1,7,8,2,0,15,0,0,0,2,2,0,0.158730158,12979
2024,"Teoscar Hernandez","LAD",80,171,155,45,24,9,1,11,23,28,14,3,46,2,0,0,4,1,2,0.29032258,13066
2024,"Josh Bell","2 Tms",95,199,177,43,28,9,0,6,19,24,18,1,33,0,2,0,8,0,0,0.242937853,13145
2024,"Jorge Polanco","SEA",60,130,124,31,23,4,0,4,11,14,6,0,28,0,0,0,6,2,1,0.25,13152
2024,"Orlando Arcia","ATL",76,147,129,27,16,10,0,1,12,8,15,1,36,0,3,0,4,0,0,0.209302325,13185
2024,"Max Muncy","LAD",49,76,64,11,3,3,0,5,16,7,7,0,22,4,1,0,1,0,0,0.171875,13301
2024,"Ildemaro Vargas","WSN",51,128,119,31,21,10,0,0,9,9,6,0,13,1,1,1,3,3,1,0.260504201,13324
2024,"Luke Maile","CIN",27,47,40,8,5,1,0,2,5,7,6,0,13,0,1,0,2,0,0,0.2,13355
2024,"Christian Walker","ARI",73,157,138,38,28,6,0,4,21,26,15,1,39,2,2,0,6,0,0,0.275362318,13419
2024,"Jose Ramirez","CLE",95,179,164,57,28,15,0,14,42,37,12,5,18,0,3,0,3,13,6,0.347560975,13510
2024,"Jesse Winker","2 Tms",63,104,89,21,14,6,0,1,10,9,11,0,28,3,1,0,2,6,1,0.235955056,13590
2024,"Patrick Wisdom","CHC",58,103,93,17,8,4,1,4,10,17,5,0,38,4,1,0,0,4,0,0.182795698,13602
2024,"Mookie Betts","LAD",74,162,143,44,30,8,2,4,18,24,17,2,13,0,2,0,6,5,1,0.307692307,13611
2024,"Ketel Marte","ARI",90,212,193,66,37,11,0,18,35,45,16,6,32,3,0,0,3,1,0,0.341968911,13613
2024,"Carson Kelly","2 Tms",31,49,43,13,10,2,0,1,6,3,6,0,7,0,0,0,1,0,0,0.302325581,13620
2024,"Jeimer Candelario","CIN",75,147,130,28,17,8,0,3,13,10,14,0,35,3,0,0,4,0,1,0.215384615,13621
2024,"Corey Seager","TEX",84,152,145,36,26,4,0,6,16,12,5,0,43,1,1,0,1,0,0,0.248275862,13624
2024,"Jack Lopez","LAA",10,20,17,4,4,0,0,0,1,2,1,0,7,1,0,1,0,0,0,0.235294117,13663
2024,"Tyrone Taylor","NYM",69,111,102,25,15,7,1,2,13,6,8,0,24,1,0,0,3,3,0,0.245098039,13675
2024,"Jacob Stallings","COL",51,101,84,23,11,6,1,5,15,12,13,1,25,3,1,0,4,0,0,0.273809523,13723
2024,"Tomas Nido","2 Tms",28,50,44,6,5,1,0,0,3,4,3,0,17,0,1,2,1,0,0,0.136363636,13755
2024,"Chris Taylor","LAD",55,98,82,15,12,1,1,1,8,7,13,0,30,0,2,1,4,1,1,0.182926829,13757
2024,"Rob Refsnyder","BOS",76,145,126,38,23,7,0,8,14,23,16,2,37,3,0,0,2,1,0,0.301587301,13770
2024,"Eric Haase","MIL",13,22,20,6,3,0,0,3,4,4,2,0,8,0,0,0,0,0,0,0.3,14111
2024,"Joey Gallo","WSN",41,64,61,7,4,1,0,2,5,6,2,0,28,1,0,0,0,1,0,0.114754098,14128
2024,"Byron Buxton","MIN",49,103,94,28,16,8,1,3,12,13,7,0,26,2,0,0,0,1,0,0.29787234,14161
2024,"Carlos Correa","MIN",41,89,77,24,14,4,1,5,16,15,9,2,15,1,1,0,0,0,0,0.311688311,14162
2024,"Jorge Soler","2 Tms",72,155,129,34,15,13,0,6,28,18,23,0,35,3,0,0,1,0,0,0.263565891,14221
2024,"Mitch Haniger","SEA",70,145,135,24,20,1,0,3,13,10,10,0,47,0,0,0,4,0,0,0.177777777,14274
2024,"Matt Olson","ATL",87,187,171,45,23,11,1,10,27,30,11,0,46,4,1,0,5,0,0,0.263157894,14344
2024,"Joey Meneses","WSN",48,97,86,15,12,2,0,1,4,14,6,1,23,3,2,0,5,2,0,0.174418604,14366
2024,"Harold Ramirez","2 Tms",44,96,94,26,22,2,0,2,12,14,2,0,18,0,0,0,0,0,0,0.276595744,14387
2024,"Jake Cave","COL",36,42,41,4,4,0,0,0,2,4,0,0,18,0,0,1,1,0,0,0.097560975,14477
2024,"Anthony Santander","BAL",87,180,160,36,18,6,0,12,23,25,16,2,43,3,1,0,2,0,0,0.225,14551
2024,"David Bote","CHC",19,32,31,9,5,4,0,0,2,6,1,0,8,0,0,0,1,0,0,0.29032258,14593
2024,"Manuel Margot","MIN",76,171,156,42,29,10,0,3,20,16,13,0,25,0,2,0,5,3,0,0.269230769,14712
2024,"Kyle Farmer","MIN",61,118,107,28,18,6,1,3,12,10,8,1,22,3,0,0,4,2,3,0.261682242,14813
2024,"Mike Yastrzemski","SFG",54,95,83,19,13,3,3,0,14,7,7,0,30,5,0,0,2,2,1,0.228915662,14854
2024,"Victor Caratini","HOU",34,64,57,19,16,2,0,1,5,9,6,0,15,0,1,0,2,0,0,0.333333333,14968
2024,"Ryan McMahon","COL",101,196,176,46,33,7,0,6,16,16,18,0,59,2,0,0,3,0,2,0.261363636,15112
2024,"Mitch Garver","SEA",70,156,133,29,16,5,0,8,19,28,22,0,33,0,1,0,3,0,0,0.218045112,15161
2024,"Tim Anderson","MIA",39,90,85,20,19,1,0,0,8,2,5,0,25,0,0,0,1,3,1,0.235294117,15172
2024,"Jake Bauers","MIL",29,35,33,8,5,2,0,1,5,5,1,0,7,1,0,0,0,1,0,0.242424242,15194
2024,"Adam Frazier","KCR",29,31,29,5,5,0,0,0,4,5,1,0,4,1,0,0,0,1,0,0.172413793,15223
2024,"Mike Tauchman","CHC",47,69,63,18,15,2,0,1,13,5,6,0,14,0,0,0,1,3,0,0.285714285,15274
2024,"Garrett Cooper","2 Tms",22,43,41,10,6,3,1,0,4,4,2,0,13,0,0,0,1,0,0,0.243902439,15279
2024,"Jeff McNeil","NYM",69,116,107,25,18,5,0,2,11,12,6,0,16,2,1,0,1,2,0,0.233644859,15362
2024,"Kris Bryant","COL",19,40,38,5,4,1,0,0,1,0,1,0,16,1,0,0,2,0,0,0.131578947,15429
2024,"Hunter Renfroe","KCR",72,126,115,26,15,6,0,5,16,20,11,0,23,0,0,0,2,1,1,0.226086956,15464
2024,"J.P. Crawford","SEA",68,143,126,33,24,4,1,4,19,19,13,0,22,4,0,0,1,2,0,0.261904761,15491
2024,"Jamie Westbrook","BOS",18,34,28,5,1,2,0,2,4,6,3,0,8,1,1,0,0,0,0,0.178571428,15504
2024,"Amed Rosario","3 Tms",60,126,119,35,23,11,0,1,10,12,3,0,24,3,1,0,5,4,3,0.294117647,15518
2024,"Aaron Judge","NYY",92,184,132,41,17,8,0,16,28,38,50,9,46,2,0,0,8,5,0,0.31060606,15640
2024,"Dominic Smith","2 Tms",34,50,47,11,6,4,0,1,3,7,3,0,15,0,0,0,1,0,0,0.234042553,15653
2024,"Reese McGuire","BOS",17,20,18,3,2,0,0,1,3,5,0,0,6,1,1,0,0,0,0,0.166666666,15674
2024,"Jose Abreu","HOU",16,37,34,4,2,2,0,0,4,1,2,0,5,1,0,0,1,0,0,0.117647058,15676
2024,"Rowdy Tellez","PIT",36,46,40,8,5,1,0,2,4,4,6,0,17,0,0,0,0,0,0,0.2,15679
2024,"Tyler O'Neill","BOS",76,156,128,40,16,8,0,16,26,29,26,4,49,1,1,0,5,1,0,0.3125,15711
2024,"Tyler Wade","SDP",16,22,19,2,2,0,0,0,3,1,1,0,3,0,0,2,0,0,0,0.105263157,15730
2024,"Miguel Andujar","OAK",31,61,56,23,18,4,0,1,10,14,5,0,6,0,0,0,4,0,1,0.410714285,15878
2024,"Luis Torrens","NYM",26,43,37,8,4,2,0,2,5,3,5,0,9,0,1,0,1,0,1,0.216216216,15905
2024,"Willy Adames","MIL",95,179,152,29,18,7,0,4,25,16,26,2,43,0,1,0,2,3,2,0.190789473,15986
2024,"Cody Bellinger","CHC",89,167,161,48,36,5,3,4,24,32,2,0,26,1,3,0,1,1,1,0.298136645,15998
2024,"Austin Slater","3 Tms",67,142,117,22,19,2,0,1,14,11,18,0,37,4,3,0,4,3,2,0.188034188,16153
2024,"J.D. Davis","2 Tms",26,55,49,10,7,1,0,2,4,2,6,0,16,0,0,0,2,0,0,0.204081632,16219
2024,"Trea Turner","PHI",78,168,152,46,28,10,0,8,34,20,13,0,29,2,1,0,3,8,1,0.302631578,16252
2024,"Nick Gordon","MIA",24,28,27,5,2,2,0,1,5,3,1,0,6,0,0,0,1,0,0,0.185185185,16337
2024,"Pablo Reyes","BOS",9,22,22,5,3,2,0,0,0,2,0,0,8,0,0,0,0,0,0,0.227272727,16357
2024,"Michael Conforto","SFG",67,106,95,27,15,6,0,6,14,20,10,0,26,0,1,0,3,0,1,0.284210526,16376
2024,"Thairo Estrada","SFG",46,96,91,17,11,4,0,2,10,11,4,0,18,0,1,0,2,0,0,0.186813186,16426
2024,"Ryan O'Hearn","BAL",37,44,42,11,9,2,0,0,2,4,2,0,7,0,0,0,0,0,0,0.261904761,16442
2024,"Rhys Hoskins","MIL",65,131,110,24,14,2,0,8,18,24,17,1,35,1,2,0,3,0,0,0.218181818,16472
2024,"Kyle Schwarber","PHI",106,248,210,63,47,4,0,12,37,38,36,0,67,2,0,0,3,4,2,0.3,16478
2024,"Matt Chapman","SFG",85,165,142,36,18,12,0,6,25,19,22,3,38,0,1,0,0,4,0,0.253521126,16505
2024,"Isiah Kiner-Falefa","2 Tms",77,135,124,29,24,3,1,1,16,7,4,0,22,6,0,1,5,1,0,0.233870967,16512
2024,"Mauricio Dubon","HOU",69,126,117,29,20,7,0,2,14,16,6,0,21,0,2,1,2,2,1,0.247863247,16530
2024,"Danny Jansen","2 Tms",50,94,76,18,14,2,0,2,11,6,17,0,17,0,1,0,1,0,0,0.236842105,16535
2024,"Ozzie Albies","ATL",42,109,106,34,21,9,0,4,18,14,2,0,13,1,0,0,3,2,1,0.320754716,16556
2024,"Connor Joe","PIT",87,170,145,34,19,12,0,3,18,15,20,1,35,3,2,0,3,0,1,0.234482758,16572
2024,"Yandy Diaz","TBR",66,139,127,44,28,12,0,4,20,15,10,0,12,0,2,0,2,0,0,0.346456692,16578
2024,"Luis Urias","SEA",31,55,47,8,1,4,0,3,7,7,6,0,17,2,0,0,1,0,0,0.170212765,16622
2024,"Jose Trevino","NYY",51,104,90,17,11,2,0,4,15,11,11,0,16,1,1,1,5,0,0,0.188888888,16725
2024,"Jonah Heim","TEX",61,117,108,26,19,2,1,4,14,14,8,0,20,0,1,0,3,0,1,0.24074074,16930
2024,"Lane Thomas","2 Tms",73,145,126,38,23,10,1,4,18,16,15,1,28,3,1,0,2,13,3,0.301587301,16939
2024,"Derek Hill","3 Tms",32,67,62,19,10,2,2,5,9,15,4,0,20,0,0,1,1,4,2,0.306451612,16947
2024,"Gleyber Torres","NYY",89,169,147,39,25,7,0,7,28,16,20,0,36,1,1,0,1,3,2,0.265306122,16997
2024,"Edmundo Sosa","PHI",61,121,109,31,15,10,3,3,21,14,7,0,25,4,1,0,2,2,1,0.284403669,17022
2024,"Alex Verdugo","NYY",101,192,167,38,33,3,0,2,18,8,20,0,31,1,2,2,6,1,1,0.22754491,17027
2024,"Jose Herrera","ARI",23,38,33,7,5,2,0,0,6,4,2,0,10,0,1,2,1,0,0,0.212121212,17040
2024,"Ramon Laureano","2 Tms",53,102,95,29,18,6,0,5,13,17,5,0,34,1,1,0,2,3,1,0.305263157,17128
2024,"Jorge Mateo","BAL",41,90,84,22,10,8,1,3,14,6,5,0,22,1,0,0,0,5,0,0.261904761,17273
2024,"Alex Jackson","TBR",26,57,51,5,2,1,0,2,3,5,5,0,20,0,1,0,1,0,0,0.098039215,17276
2024,"Cole Tucker","LAA",10,22,20,1,1,0,0,0,1,0,2,0,8,0,0,0,0,1,0,0.05,17326
2024,"Willi Castro","MIN",88,163,153,37,24,8,1,4,21,12,9,0,42,1,0,0,2,3,2,0.241830065,17338
2024,"Rafael Devers","BOS",114,224,204,49,31,11,3,4,27,20,17,1,71,2,1,0,3,0,0,0.240196078,17350
2024,"Jose Siri","TBR",61,112,98,20,10,5,0,5,16,16,10,0,38,0,3,0,0,2,1,0.204081632,17452
2024,"Eloy Jimenez","2 Tms",49,94,89,21,16,5,0,0,4,3,5,0,17,0,0,0,2,2,0,0.235955056,17484
2024,"Taylor Ward","LAA",63,130,117,38,27,6,1,4,19,13,9,0,26,2,2,0,1,1,1,0.324786324,17548
2024,"Alex Bregman","HOU",85,181,165,37,21,7,1,8,19,31,15,1,16,0,1,0,4,1,1,0.224242424,17678
2024,"Kevin Newman","ARI",65,131,124,35,23,9,1,2,21,13,4,1,15,0,1,2,4,4,0,0.282258064,17696
2024,"Willie Calhoun","LAA",19,31,27,5,5,0,0,0,3,1,3,0,2,1,0,0,0,0,0,0.185185185,17838
2024,"Tyler Nevin","OAK",57,127,109,22,11,6,0,5,10,12,12,0,26,4,2,0,1,0,0,0.201834862,17893
2024,"Andrew Benintendi","CHW",65,126,116,24,17,3,0,4,11,13,9,0,29,1,0,0,5,1,0,0.206896551,17901
2024,"Brendan Rodgers","COL",66,144,132,41,30,7,0,4,19,10,11,0,30,0,0,1,2,0,0,0.31060606,17907
2024,"Ian Happ","CHC",86,161,147,35,23,5,0,7,22,26,12,0,40,2,0,0,4,1,0,0.238095238,17919
2024,"Cedric Mullins","BAL",65,101,97,19,14,3,1,1,12,3,3,0,20,1,0,0,0,2,1,0.195876288,17929
2024,"Sam Hilliard","COL",29,43,40,12,5,2,0,5,8,16,0,0,18,0,2,1,1,1,0,0.3,17954
2024,"Ty France","2 Tms",73,134,117,27,19,5,0,3,14,9,13,0,30,3,1,0,3,0,1,0.23076923,17982
2024,"Tyler Stephenson","CIN",81,138,123,30,16,6,0,8,24,20,14,2,22,0,1,0,3,0,0,0.243902439,17988
2024,"Paul DeJong","2 Tms",69,123,111,22,14,3,0,5,15,12,9,0,45,1,2,0,3,0,1,0.198198198,18015
2024,"Harrison Bader","NYM",85,153,137,28,18,5,0,5,12,21,10,1,28,2,4,0,4,3,1,0.204379562,18030
2024,"Jake Cronenworth","SDP",94,170,153,31,25,5,0,1,11,16,14,0,31,2,1,0,8,1,0,0.202614379,18036
2024,"Dylan Moore","SEA",87,176,144,33,16,12,1,4,23,14,25,1,47,4,3,0,2,19,2,0.229166666,18042
2024,"Garrett Stubbs","PHI",35,59,51,12,12,0,0,0,6,3,6,0,14,1,0,0,0,1,0,0.235294117,18067
2024,"LaMonte Wade Jr.","SFG",31,43,34,11,8,3,0,0,2,4,6,0,5,1,1,1,0,1,0,0.323529411,18126
2024,"Seth Brown","OAK",28,28,27,7,6,0,0,1,2,3,1,0,10,0,0,0,0,0,0,0.259259259,18171
2024,"Dansby Swanson","CHC",69,124,110,35,23,8,0,4,28,15,12,1,25,1,1,0,0,4,2,0.318181818,18314
2024,"Kyle Tucker","HOU",63,124,103,27,16,6,0,5,14,16,19,0,20,0,1,0,2,3,0,0.262135922,18345
2024,"Daz Cameron","OAK",41,86,75,19,11,3,1,4,13,11,10,0,25,0,1,0,1,2,0,0.253333333,18353
2024,"Austin Riley","ATL",48,117,102,24,12,7,0,5,18,9,13,0,25,2,0,0,1,0,0,0.235294117,18360
2024,"Victor Robles","2 Tms",48,103,88,21,16,4,0,1,14,6,10,0,17,2,0,3,0,11,0,0.238636363,18363
2024,"Ryan Mountcastle","BAL",63,143,134,41,28,9,0,4,18,12,9,0,26,0,0,0,6,2,0,0.305970149,18373
2024,"Juan Yepez","WSN",39,88,79,24,16,6,0,2,16,8,7,0,16,0,1,1,2,1,0,0.303797468,18400
2024,"Ronald Acuna Jr.","ATL",21,52,45,11,7,2,0,2,8,6,7,0,10,0,0,0,0,3,1,0.244444444,18401
2024,"Ali Sanchez","MIA",15,31,27,3,3,0,0,0,1,1,2,0,7,0,0,2,1,0,0,0.111111111,18551
2024,"Trent Grisham","NYY",35,41,38,8,5,2,0,1,4,7,1,0,11,2,0,0,0,1,0,0.210526315,18564
2024,"Luis Arraez","2 Tms",96,204,192,52,43,7,1,1,26,14,6,0,17,5,0,1,6,2,1,0.270833333,18568
2024,"Ke'Bryan Hayes","PIT",47,94,81,25,18,4,0,3,12,11,9,0,13,2,2,0,2,4,1,0.308641975,18577
2024,"Ramon Urias","BAL",53,83,78,23,15,4,0,4,14,13,3,0,15,2,0,0,0,0,0,0.294871794,18795
2024,"Andy Ibanez","DET",82,154,137,40,28,7,1,4,25,24,12,0,31,3,2,0,1,2,2,0.291970802,18819
2024,"Jose Azocar","SDP",26,44,41,8,7,1,0,0,8,0,2,0,10,0,0,1,0,2,1,0.195121951,18821
2024,"Josh Naylor","CLE",97,174,156,35,18,11,0,6,23,29,15,1,34,3,0,0,4,1,2,0.224358974,18839
2024,"Jahmai Jones","NYY",14,25,23,7,4,1,1,1,4,2,2,0,9,0,0,0,0,0,0,0.304347826,18872
2024,"Brandon Lowe","TBR",40,72,68,18,8,6,0,4,8,16,3,0,21,1,0,0,0,0,0,0.264705882,18882
2024,"Danny Mendick","CHW",31,53,47,12,7,3,0,2,4,5,5,0,10,0,0,1,0,4,0,0.255319148,18889
2024,"Leody Taveras","TEX",61,102,90,17,14,2,0,1,11,5,10,0,24,0,0,2,3,1,1,0.188888888,18900
2024,"Will Smith","LAD",77,154,132,34,16,10,0,8,23,21,19,6,23,2,1,0,4,0,0,0.257575757,19197
2024,"Yuli Gurriel","KCR",13,27,21,2,2,0,0,0,0,3,5,0,7,0,1,0,0,1,0,0.095238095,19198
2024,"Lourdes Gurriel Jr.","ARI",72,173,163,54,38,9,0,7,27,24,10,1,32,0,0,0,3,2,0,0.331288343,19238
2024,"Pete Alonso","NYM",86,179,156,37,19,9,0,9,25,24,19,1,40,4,0,0,0,1,0,0.237179487,19251
2024,"Cavan Biggio","3 Tms",25,32,28,6,6,0,0,0,5,2,4,0,11,0,0,0,1,0,0,0.214285714,19252
2024,"Jake Fraley","CIN",42,56,54,13,12,0,0,1,8,3,1,0,7,1,0,0,0,2,2,0.24074074,19260
2024,"Garrett Hampson","KCR",66,125,115,26,16,9,1,0,8,9,9,0,32,0,0,1,2,4,2,0.226086956,19262
2024,"Adolis Garcia","TEX",81,162,143,33,18,8,0,7,18,26,13,2,50,2,4,0,4,1,1,0.23076923,19287
2024,"Randy Arozarena","2 Tms",83,181,151,35,17,11,0,7,25,19,26,0,42,4,0,0,1,5,3,0.231788079,19290
2024,"Nick Senzel","2 Tms",34,74,65,12,6,3,0,3,6,7,9,1,10,0,0,0,5,1,3,0.184615384,19293
2024,"Alex Call","WSN",16,36,31,9,6,1,0,2,8,6,4,0,8,1,0,0,0,2,0,0.29032258,19296
2024,"Matt Thaiss","LAA",25,41,38,7,5,2,0,0,1,4,2,0,7,0,1,0,0,1,0,0.184210526,19318
2024,"Bryan Reynolds","PIT",104,203,188,50,36,8,0,6,15,29,13,1,47,1,1,0,3,2,0,0.265957446,19326
2024,"Nicky Lopez","CHW",46,66,61,13,13,0,0,0,6,1,2,0,9,1,0,2,0,1,1,0.213114754,19339
2024,"Sean Murphy","ATL",36,70,63,11,5,2,0,4,6,9,5,1,25,2,0,0,0,0,0,0.174603174,19352
2024,"Luke Raley","SEA",61,82,74,14,9,3,0,2,8,4,6,0,25,1,0,1,0,1,0,0.189189189,19354
2024,"Weston Wilson","PHI",26,51,44,15,8,4,1,2,9,6,5,0,12,1,1,0,2,2,0,0.34090909,19358
2024,"Austin Hays","2 Tms",50,90,82,29,16,12,0,1,12,8,5,1,24,2,0,1,1,0,0,0.353658536,19363
2024,"Zach McKinstry","DET",24,33,30,4,3,1,0,0,3,4,2,0,6,1,0,0,1,0,0,0.133333333,19392
2024,"Brian Serven","TOR",12,25,23,2,1,1,0,0,2,1,2,0,10,0,0,0,0,0,0,0.086956521,19422
2024,"Jake Rogers","DET",49,94,83,14,10,3,0,1,12,5,11,1,27,0,0,0,3,0,0,0.168674698,19452
2024,"Andruw Monasterio","MIL",37,70,61,12,9,2,0,1,9,8,9,0,16,0,0,0,1,2,2,0.196721311,19455
2024,"Tommy Edman","LAD",20,36,34,14,7,2,1,4,8,7,1,0,6,0,1,0,0,3,0,0.411764705,19470
2024,"Andrew Knizner","TEX",13,27,26,4,3,1,0,0,3,2,0,0,7,0,1,0,2,0,0,0.153846153,19514
2024,"TJ Friedl","CIN",52,81,67,14,11,1,0,2,7,13,8,0,17,5,0,1,1,4,0,0.208955223,19522
2024,"Yordan Alvarez","HOU",102,209,188,68,42,14,2,10,23,30,14,1,39,4,3,0,2,1,0,0.361702127,19556
2024,"Zack Short","3 Tms",15,26,21,2,2,0,0,0,2,1,4,0,9,0,0,1,0,0,0,0.095238095,19562
2024,"Nathaniel Lowe","TEX",74,144,120,35,28,4,0,3,13,26,22,0,38,0,2,0,2,0,0,0.291666666,19566
2024,"Chas McCormick","HOU",47,89,82,17,14,1,1,1,8,10,6,0,20,1,0,0,0,3,0,0.207317073,19599
2024,"Bryan De La Cruz","2 Tms",89,188,179,51,34,13,0,4,17,24,6,0,47,1,2,0,3,2,0,0.284916201,19600
2024,"Otto Lopez","MIA",68,137,130,30,23,6,0,1,12,7,5,0,27,0,0,1,1,5,2,0.23076923,19608
2024,"Keibert Ruiz","WSN",69,132,126,28,19,7,0,2,10,13,4,0,14,1,1,0,7,0,0,0.222222222,19610
2024,"Vladimir Guerrero Jr.","TOR",67,139,117,36,21,9,0,6,16,27,22,5,15,0,0,0,5,1,0,0.307692307,19611
2024,"Bo Bichette","TOR",29,62,59,9,7,2,0,0,4,2,3,0,10,0,0,0,2,0,0,0.152542372,19612
2024,"Brent Rooker","OAK",69,138,121,35,19,6,0,10,18,26,15,3,33,0,2,0,1,3,1,0.289256198,19627
2024,"Edward Olivares","PIT",41,90,79,17,10,3,0,4,11,15,8,0,22,1,2,0,2,0,0,0.215189873,19698
2024,"Fernando Tatis Jr.","SDP",55,118,98,22,16,4,0,2,14,5,18,0,32,2,0,0,1,3,1,0.224489795,19709
2024,"Josh Rojas","SEA",48,67,60,8,8,0,0,0,0,2,6,0,23,1,0,0,2,1,0,0.133333333,19734
2024,"Shohei Ohtani","LAD",116,249,226,65,39,12,2,12,35,39,20,0,58,2,1,0,4,16,1,0.287610619,19755
2024,"Dairon Blanco","KCR",35,69,63,20,13,4,0,3,15,7,5,0,14,0,1,0,1,9,3,0.317460317,19779
2024,"Zach Remillard","CHW",11,23,20,5,4,0,1,0,3,1,2,0,5,0,0,1,1,1,0,0.25,19788
2024,"Chuckie Robinson","CHW",14,24,22,2,2,0,0,0,0,0,1,0,8,1,0,0,0,0,0,0.09090909,19824
2024,"Abraham Toro","OAK",38,82,77,22,15,5,1,1,8,3,2,1,10,1,0,2,1,2,1,0.285714285,19844
2024,"Luis Rengifo","LAA",31,58,54,19,13,5,0,1,11,2,3,0,10,1,0,0,2,6,0,0.351851851,19858
2024,"Rene Pinto","TBR",12,25,24,4,2,1,0,1,1,3,1,0,14,0,0,0,0,0,0,0.166666666,19859
2024,"Riley Adams","WSN",24,55,49,8,5,2,1,0,4,1,5,1,15,1,0,0,1,0,0,0.163265306,19864
2024,"Emmanuel Rivera","2 Tms",66,128,113,27,18,6,1,2,12,14,12,0,27,1,2,0,5,1,0,0.238938053,19890
2024,"Pavin Smith","ARI",15,23,20,4,1,2,0,1,2,10,3,0,4,0,0,0,1,0,0,0.2,19892
2024,"Connor Wong","BOS",79,152,135,42,28,9,0,5,17,18,16,1,31,1,0,0,2,3,1,0.311111111,19896
2024,"Gavin Sheets","CHW",55,92,83,17,12,2,1,2,2,13,5,0,23,1,3,0,1,1,0,0.204819277,19901
2024,"Jesus Sanchez","MIA",73,115,105,17,13,1,0,3,16,7,8,0,35,1,0,1,3,4,0,0.161904761,19913
2024,"Daulton Varsho","TOR",60,104,94,27,17,7,0,3,19,11,10,0,16,0,0,0,0,5,0,0.287234042,19918
2024,"Blake Perkins","MIL",78,156,140,38,30,6,0,2,12,19,14,0,24,0,2,0,2,8,3,0.271428571,19921
2024,"Cristian Pache","2 Tms",59,130,116,24,14,8,1,1,9,10,14,0,42,0,0,0,0,1,0,0.206896551,19948
2024,"Andres Gimenez","CLE",100,172,163,39,32,5,1,1,18,15,2,0,26,6,1,0,5,6,0,0.239263803,19950
2024,"Josh Lowe","TBR",31,50,45,10,8,2,0,0,3,3,4,0,17,0,1,0,0,3,0,0.222222222,19953
2024,"Gavin Lux","LAD",41,50,46,7,6,1,0,0,7,2,3,0,17,1,0,0,1,0,0,0.152173913,19955
2024,"Mickey Moniak","LAA",31,35,33,6,5,0,0,1,5,3,0,0,12,2,0,0,0,0,0,0.181818181,19956
2024,"Eguy Rosario","SDP",22,36,36,11,2,6,0,3,4,5,0,0,16,0,0,0,0,0,0,0.305555555,19964
2024,"Bobby Dalbec","BOS",21,39,36,4,4,0,0,0,1,4,3,0,21,0,0,0,1,0,0,0.111111111,19966
2024,"Santiago Espinal","CIN",72,131,114,33,22,5,0,6,16,24,11,1,14,0,3,3,3,5,1,0.289473684,19997
2024,"Bryce Johnson","SDP",18,37,30,5,4,1,0,0,4,2,5,0,6,0,0,2,0,1,0,0.166666666,20002
2024,"Isaac Paredes","2 Tms",75,159,139,41,27,7,1,6,18,28,15,0,25,4,1,0,4,1,0,0.294964028,20036
2024,"Luis Robert Jr.","CHW",46,107,93,18,13,4,0,1,14,5,12,1,33,2,0,0,3,4,1,0.193548387,20043
2024,"Alan Trejo","COL",10,22,22,2,2,0,0,0,0,0,0,0,5,0,0,0,2,0,0,0.09090909,20056
2024,"Juan Soto","NYY",105,226,180,50,28,8,1,13,37,42,42,0,27,2,2,0,2,3,1,0.277777777,20123
2024,"Dylan Carlson","2 Tms",58,116,99,21,15,5,0,1,9,9,12,0,27,3,2,0,0,0,1,0.212121212,20126
2024,"Miguel Vargas","2 Tms",45,92,83,15,10,3,0,2,9,6,8,0,15,1,0,0,1,0,0,0.180722891,20178
2024,"Brandon Marsh","PHI",65,90,78,15,11,2,1,1,6,8,7,0,33,2,2,1,1,2,0,0.192307692,20202
2024,"Jo Adell","LAA",64,105,98,24,9,5,2,8,16,18,7,1,21,0,0,0,3,3,2,0.244897959,20220
2024,"Ben Rortvedt","TBR",35,41,37,8,7,1,0,0,4,4,4,0,12,0,0,0,2,0,0,0.216216216,20287
2024,"Jake Meyers","HOU",76,146,128,32,19,8,1,4,16,12,12,0,32,5,1,0,5,5,0,0.25,20308
2024,"Corey Julks","CHW",46,91,84,22,18,3,0,1,6,6,7,0,28,0,0,0,1,4,1,0.261904761,20311
2024,"Stuart Fairchild","CIN",69,124,110,30,22,3,0,5,21,21,13,0,30,0,0,1,1,8,1,0.272727272,20321
2024,"Ernie Clement","TOR",79,145,139,32,20,7,2,3,16,10,3,1,13,1,0,2,5,4,2,0.230215827,20352
2024,"Luis Garcia Jr.","WSN",76,114,108,28,21,5,1,1,6,9,5,0,21,0,1,0,2,5,1,0.259259259,20391
2024,"Royce Lewis","MIN",51,102,87,22,14,4,0,4,12,14,13,2,21,0,2,0,2,0,0,0.252873563,20437
2024,"Jazz Chisholm Jr.","2 Tms",99,210,189,47,34,6,1,6,20,28,17,0,52,3,1,0,2,12,3,0.248677248,20454
2024,"William Contreras","MIL",84,169,144,45,28,13,0,4,22,24,23,3,40,0,2,0,1,2,1,0.3125,20503
2024,"Nick Madrigal","CHC",18,32,29,7,5,2,0,0,2,5,1,0,4,1,0,1,0,1,0,0.24137931,20521
2024,"Nolan Jones","COL",49,92,83,17,14,2,0,1,5,4,8,0,32,1,0,0,1,2,0,0.204819277,20529
2024,"Vidal Brujan","MIA",44,71,61,12,7,4,1,0,5,7,8,1,16,2,0,0,1,2,0,0.196721311,20536
2024,"Jose Miranda","MIN",73,140,133,30,21,7,0,2,9,15,4,0,27,1,2,0,5,0,0,0.225563909,20538
2024,"Elehuris Montero","COL",29,62,55,9,9,0,0,0,5,6,6,0,13,0,1,0,2,0,0,0.163636363,20543
2024,"Kody Clemens","PHI",15,21,20,6,3,3,0,0,2,6,1,0,4,0,0,0,0,0,0,0.3,20572
2024,"Ivan Herrera","STL",48,84,74,19,16,1,0,2,13,9,8,0,19,1,1,0,0,3,0,0.256756756,20599
2024,"Leo Rivas","SEA",21,32,28,5,5,0,0,0,2,4,4,0,11,0,0,0,1,0,0,0.178571428,21009
2024,"Sean Bouchard","COL",20,35,30,6,5,0,0,1,6,3,4,0,12,0,1,0,0,2,0,0.2,21270
2024,"Lars Nootbaar","STL",63,109,95,26,16,6,2,2,9,11,12,0,27,1,1,0,1,3,1,0.27368421,21454
2024,"Nico Hoerner","CHC",79,138,128,42,34,6,0,2,25,12,8,1,14,2,0,0,3,7,0,0.328125,21479
2024,"Luken Baker","STL",16,22,18,5,2,0,1,2,2,7,3,0,3,0,1,0,1,0,0,0.277777777,21497
2024,"Trevor Larnach","MIN",19,23,22,5,3,2,0,0,4,1,0,0,7,1,0,0,0,0,0,0.227272727,21501
2024,"Jonathan India","CIN",84,175,141,39,26,9,1,3,26,14,26,0,35,4,3,1,3,3,1,0.276595744,21523
2024,"Joey Bart","PIT",45,74,66,22,15,2,0,5,10,11,5,0,22,3,0,0,1,0,0,0.333333333,21524
2024,"Cal Raleigh","SEA",87,171,153,28,14,1,0,13,21,30,12,1,41,3,3,0,5,3,1,0.183006535,21534
2024,"Nick Fortes","MIA",55,103,97,19,11,7,0,1,7,6,4,0,13,1,0,1,1,0,0,0.195876288,21538
2024,"Matt Vierling","DET",86,152,138,38,28,7,0,3,20,15,12,1,35,0,2,0,1,1,0,0.275362318,21558
2024,"Romy Gonzalez","BOS",75,130,116,35,22,7,0,6,16,16,11,0,36,1,2,0,3,6,2,0.301724137,21562
2024,"Kyle Isbel","KCR",42,68,62,10,7,2,1,0,8,4,3,0,23,2,0,1,0,1,1,0.161290322,21614
2024,"Alec Bohm","PHI",95,179,167,48,29,13,0,6,22,32,12,1,15,0,0,0,6,2,2,0.287425149,21618
2024,"Jake McCarthy","ARI",70,147,134,38,32,2,4,0,15,15,8,0,28,4,1,0,2,7,3,0.283582089,21622
2024,"Griffin Conine","MIA",12,21,20,6,5,0,0,1,3,4,1,0,5,0,0,0,0,0,0,0.3,21626
2024,"Jeremy Pena","HOU",80,167,157,48,31,11,2,4,17,14,4,0,20,3,1,2,1,5,1,0.305732484,21636
2024,"Rafael Marchan","PHI",12,24,22,6,3,1,0,2,4,2,1,0,3,0,0,1,1,0,0,0.272727272,21646
2024,"Miguel Amaya","CHC",56,94,86,14,9,3,1,1,5,13,4,0,14,1,1,2,2,0,0,0.162790697,21693
2024,"Oswaldo Cabrera","NYY",57,84,79,15,11,4,0,0,10,7,4,0,20,0,0,1,1,0,0,0.189873417,21707
2024,"Oneil Cruz","PIT",103,154,143,32,17,8,1,6,18,21,8,0,47,1,2,0,3,5,0,0.223776223,21711
2024,"Enmanuel Valdez","BOS",24,36,32,3,2,1,0,0,1,0,3,0,8,0,0,1,0,0,0,0.09375,21716
2024,"Jose Fermin","STL",28,42,40,4,4,0,0,0,1,0,2,0,3,0,0,0,1,0,0,0.1,21746
2024,"Esteury Ruiz","OAK",18,36,29,8,4,2,0,2,5,8,4,0,10,1,2,0,0,1,3,0.275862068,21780
2024,"Andres Chaparro","WSN",17,45,40,12,4,6,0,2,6,8,4,0,9,1,0,0,1,0,0,0.3,21797
2024,"Freddy Fermin","KCR",64,122,109,32,23,9,0,0,11,10,10,1,19,2,0,1,4,1,0,0.293577981,21840
2024,"Will Benson","CIN",44,71,59,9,5,3,0,1,3,7,9,0,22,1,1,1,2,3,2,0.152542372,21853
2024,"Bo Naylor","CLE",54,77,72,14,9,3,0,2,8,9,4,0,23,0,0,1,1,0,0,0.194444444,21865
2024,"Jerar Encarnacion","SFG",21,44,42,11,8,3,0,0,4,5,2,0,13,0,0,0,0,1,0,0.261904761,21871
2024,"Christopher Morel","2 Tms",73,128,108,16,9,2,1,4,13,12,14,3,31,3,3,0,6,1,1,0.148148148,21897
2024,"Dane Myers","MIA",34,66,57,16,8,5,1,2,8,13,4,0,19,3,2,0,0,1,0,0.280701754,22054
2024,"Ryan Vilade","DET",9,22,20,5,4,0,0,1,3,3,1,0,5,0,1,0,2,0,0,0.25,22165
2024,"Mark Vientos","NYM",63,139,130,39,21,11,0,7,16,23,8,0,43,0,1,0,1,0,0,0.3,22184
2024,"Brice Turang","MIL",78,128,118,28,22,5,1,0,13,11,8,0,26,1,1,0,1,12,1,0.237288135,22186
2024,"MJ Melendez","KCR",53,74,73,12,9,2,1,0,5,4,1,0,15,0,0,0,1,0,1,0.164383561,22197
2024,"Luis Campusano","SDP",47,75,70,10,5,2,0,3,8,8,4,0,8,1,0,0,1,0,0,0.142857142,22217
2024,"Jack Suwinski","PIT",26,38,35,8,6,1,0,1,4,2,2,0,18,0,0,1,0,0,0,0.228571428,22244
2024,"Nolan Gorman","STL",71,113,105,21,12,5,0,4,12,14,8,0,43,0,0,0,1,0,1,0.2,22263
2024,"Xavier Edwards","MIA",45,94,80,24,20,2,2,0,10,6,12,0,17,0,1,1,0,13,2,0.3,22266
2024,"Jake Burger","MIA",82,185,172,38,22,7,0,9,17,20,10,2,46,0,3,0,3,0,1,0.220930232,22275
2024,"Nick Allen","OAK",22,41,38,6,3,2,0,1,4,1,1,0,7,0,0,2,0,0,0,0.157894736,22277
2024,"Taylor Walls","TBR",35,56,53,10,7,2,1,0,4,2,3,0,24,0,0,0,0,2,0,0.188679245,22458
2024,"Triston Casas","BOS",35,61,56,14,9,2,0,3,6,4,5,0,21,0,0,0,3,0,0,0.25,22514
2024,"Heliot Ramos","SFG",56,123,108,40,20,9,1,10,16,24,13,2,29,1,1,0,1,1,1,0.37037037,22515
2024,"Johnathan Rodriguez","CLE",11,25,19,3,2,1,0,0,3,2,6,0,6,0,0,0,1,0,0,0.157894736,22530
2024,"Tyler Freeman","CLE",74,136,114,21,12,7,0,2,18,10,13,1,20,7,1,1,3,3,3,0.184210526,22532
2024,"Lawrence Butler","OAK",51,89,86,25,15,5,0,5,11,10,3,0,23,0,0,0,1,5,0,0.290697674,22542
2024,"Michael Siani","STL",65,107,92,18,15,1,1,1,11,5,8,0,30,1,0,6,0,6,1,0.195652173,22557
2024,"Jarred Kelenic","ATL",42,72,68,14,11,2,0,1,7,6,3,0,22,0,1,0,1,0,1,0.205882352,22558
2024,"Gabriel Arias","CLE",31,65,62,16,11,3,0,2,7,7,3,0,22,0,0,0,2,3,1,0.258064516,22563
2024,"Alejandro Kirk","TOR",55,100,92,21,10,8,1,2,6,13,8,0,20,0,0,0,3,0,0,0.228260869,22581
2024,"Gabriel Moreno","ARI",60,120,106,32,22,9,0,1,16,19,12,1,12,0,2,0,4,1,1,0.301886792,22664
2024,"Maikel Garcia","KCR",74,159,146,33,19,9,3,2,19,17,9,0,18,0,3,1,0,7,0,0.226027397,22715
2024,"Geraldo Perdomo","ARI",67,120,107,34,30,3,1,0,22,13,9,0,14,0,0,4,0,4,0,0.317757009,22799
2024,"Wenceel Perez","DET",60,96,86,18,13,3,1,1,9,7,9,0,24,1,0,0,3,2,1,0.209302325,22857
2024,"Lenyn Sosa","CHW",57,121,115,34,24,6,0,4,8,17,4,1,24,0,1,1,0,0,0,0.295652173,22896
2024,"Yainer Diaz","HOU",87,170,157,48,35,7,0,6,22,25,9,1,28,1,3,0,4,1,0,0.305732484,23003
2024,"Jacob Amaya","CHW",15,30,26,5,5,0,0,0,3,0,4,0,12,0,0,0,2,1,0,0.192307692,23296
2024,"Nelson Velazquez","KCR",39,70,60,15,10,3,1,1,11,7,8,0,19,1,1,0,1,1,0,0.25,23359
2024,"Jose Caballero","TBR",66,126,109,24,13,9,0,2,16,11,9,1,45,4,1,3,1,7,6,0.220183486,23401
2024,"Davis Schneider","TOR",69,138,121,20,12,4,1,3,12,15,12,0,49,1,4,0,0,2,0,0.165289256,23565
2024,"Brayan Rocchio","CLE",72,125,108,21,11,6,0,4,17,12,12,0,31,2,2,1,1,2,0,0.194444444,23690
2024,"Jose Tena","WSN",19,48,48,10,8,2,0,0,1,4,0,0,12,0,0,0,1,0,1,0.208333333,23691
2024,"Julio Rodriguez","SEA",78,164,153,41,30,5,0,6,19,20,10,0,41,1,0,0,3,4,0,0.267973856,23697
2024,"Ezequiel Duran","TEX",47,92,86,18,15,3,0,0,5,6,5,0,22,0,1,0,2,0,1,0.209302325,23733
2024,"Wilyer Abreu","BOS",50,67,61,11,7,3,0,1,4,5,5,0,18,1,0,0,4,1,0,0.180327868,23772
2024,"Leo Jimenez","TOR",32,61,52,15,9,5,0,1,5,5,4,0,22,4,1,0,0,0,0,0.288461538,23782
2024,"Blaze Alexander","ARI",37,84,74,22,15,5,0,2,13,8,7,0,24,2,0,1,0,2,0,0.297297297,23789
2024,"Alek Thomas","ARI",12,25,24,4,2,2,0,0,3,3,1,0,4,0,0,0,1,1,1,0.166666666,23792
2024,"Parker Meadows","DET",38,62,57,15,9,4,1,1,4,4,3,0,20,1,0,1,0,0,2,0.263157894,23800
2024,"Curtis Mead","TBR",22,50,44,16,14,2,0,0,6,3,5,0,10,1,0,0,0,0,0,0.363636363,23986
2024,"Ezequiel Tovar","COL",103,209,193,50,29,12,1,8,22,22,12,1,62,1,2,0,5,2,2,0.259067357,24064
2024,"Jhonkensy Noel","CLE",41,63,57,14,4,3,0,7,11,14,4,0,17,1,1,0,0,0,0,0.245614035,24257
2024,"Ceddanne Rafaela","BOS",93,152,142,30,19,6,2,3,21,11,7,1,54,2,0,1,2,4,3,0.211267605,24262
2024,"Johan Rojas","PHI",62,106,99,21,15,5,1,0,12,8,2,0,24,2,0,3,2,8,1,0.212121212,24336
2024,"Max Schuemann","OAK",65,105,90,15,9,4,0,2,17,12,12,0,27,0,1,2,3,0,0,0.166666666,24488
2024,"Richie Palacios","TBR",28,31,28,8,7,1,0,0,5,3,3,0,9,0,0,0,0,3,0,0.285714285,24589
2024,"Addison Barger","TOR",27,37,35,5,2,3,0,0,0,4,1,0,17,1,0,0,0,0,0,0.142857142,24598
2024,"Steven Kwan","CLE",81,159,141,45,37,3,0,5,25,13,16,0,19,1,0,1,1,3,2,0.319148936,24610
2024,"Jarren Duran","BOS",120,230,208,53,43,5,1,4,25,18,17,0,56,3,1,1,2,8,3,0.254807692,24617
2024,"Ryan Jeffers","MIN",72,141,129,32,16,7,0,9,18,18,7,0,34,4,1,0,2,0,0,0.248062015,24618
2024,"Brendan Donovan","STL",103,194,174,45,29,15,1,0,18,16,12,0,22,4,4,0,1,1,1,0.258620689,24679
2024,"Jonah Bride","MIA",48,99,83,19,15,3,0,1,9,5,14,0,23,1,1,0,1,0,1,0.228915662,24703
2024,"Logan O'Hoppe","LAA",63,111,96,16,10,2,0,4,12,9,14,0,36,1,0,0,2,0,1,0.166666666,24729
2024,"David Villar","SFG",8,20,19,5,2,3,0,0,2,1,1,0,9,0,0,0,0,0,0,0.263157894,24782
2024,"Andy Pages","LAD",57,107,98,35,25,7,0,3,18,9,7,0,24,0,1,0,1,0,1,0.357142857,24816
2024,"David Fry","CLE",87,165,129,37,19,9,0,9,21,31,30,4,34,4,2,0,4,2,0,0.286821705,24934
2024,"David Hensley","MIA",20,41,39,8,6,1,0,1,5,3,2,0,11,0,0,0,0,1,0,0.205128205,25111
2024,"Daniel Schneemann","CLE",23,36,31,11,8,1,1,1,3,3,5,0,13,0,0,0,0,0,0,0.354838709,25180
2024,"Michael Stefanic","LAA",24,44,43,13,11,2,0,0,5,1,1,0,7,0,0,0,3,0,0,0.302325581,25353
2024,"Brenton Doyle","COL",78,164,152,39,24,10,0,5,22,14,10,0,34,1,1,0,2,4,0,0.256578947,25479
2024,"Joey Ortiz","MIL",81,154,127,28,14,6,2,6,20,21,21,0,37,2,2,2,3,3,2,0.22047244,25493
2024,"Aaron Schunk","COL",22,34,32,6,6,0,0,0,3,0,2,1,16,0,0,0,0,0,0,0.1875,25524
2024,"Korey Lee","CHW",57,104,98,20,15,2,0,3,10,9,6,0,31,0,0,0,4,3,0,0.204081632,25543
2024,"Marco Luciano","SFG",14,25,24,7,4,3,0,0,5,1,1,0,7,0,0,0,0,0,1,0.291666666,25616
2024,"Bryan Ramos","CHW",20,41,38,7,5,1,0,1,4,2,2,0,7,0,1,0,1,0,0,0.184210526,25621
2024,"Will Brennan","CLE",31,35,35,5,3,1,1,0,4,2,0,0,6,0,0,0,2,1,0,0.142857142,25660
2024,"Grant McCray","SFG",15,26,24,3,1,1,0,1,2,3,2,0,14,0,0,0,1,0,0,0.125,25690
2024,"Bobby Witt Jr.","KCR",71,143,133,42,27,10,1,4,26,18,7,1,18,1,2,0,1,6,4,0.315789473,25764
2024,"CJ Abrams","WSN",86,188,174,51,33,10,3,5,26,22,9,0,49,4,1,0,0,9,4,0.293103448,25768
2024,"Pedro Pages","STL",39,82,78,20,16,1,2,1,5,10,3,0,21,0,1,0,3,1,0,0.256410256,25782
2024,"Jared Triolo","PIT",67,122,106,22,18,3,0,1,11,6,15,0,33,0,1,0,0,4,0,0.207547169,25807
2024,"Shea Langeliers","OAK",68,143,128,28,15,4,1,8,13,19,13,1,37,1,1,0,2,0,1,0.21875,25816
2024,"Michael Toglia","COL",80,146,127,30,14,7,0,9,18,19,18,0,41,0,1,0,3,1,1,0.236220472,25845
2024,"Corbin Carroll","ARI",103,209,183,40,24,5,3,8,32,24,16,0,48,5,2,3,0,9,2,0.218579234,25878
2024,"Michael Harris II","ATL",67,146,140,40,29,4,0,7,19,19,4,0,32,2,0,0,0,0,1,0.285714285,25931
2024,"Kerry Carpenter","DET",26,32,28,3,2,0,0,1,2,4,3,0,10,0,0,0,1,0,0,0.107142857,25961
2024,"Riley Greene","DET",84,152,141,30,13,9,2,6,18,22,9,0,45,1,0,0,0,0,0,0.212765957,25976
2024,"Nasim Nunez","WSN",19,32,25,7,6,1,0,0,6,1,5,0,5,0,0,2,1,3,1,0.28,25979
2024,"Vaughn Grissom","BOS",17,24,21,5,4,1,0,0,7,2,3,0,7,0,0,0,1,0,0,0.238095238,26031
2024,"Francisco Alvarez","NYM",45,82,71,17,11,1,0,5,10,15,11,0,15,0,0,0,3,1,1,0.239436619,26121
2024,"Brett Baty","NYM",22,37,33,6,5,0,0,1,1,4,2,0,11,1,0,1,0,0,0,0.181818181,26123
2024,"Dominic Fletcher","CHW",32,58,51,9,7,2,0,0,4,2,5,0,14,2,0,0,2,0,0,0.176470588,26149
2024,"Kyle Stowers","2 Tms",23,43,40,7,3,3,1,0,1,2,2,0,12,1,0,0,1,0,0,0.175,26151
2024,"Andrew Vaughn","CHW",70,156,146,41,28,7,1,5,13,22,9,0,27,1,0,0,1,0,0,0.280821917,26197
2024,"Tyler Fitzgerald","SFG",57,116,107,34,20,7,1,6,21,15,7,0,34,1,1,0,1,7,1,0.317757009,26208
2024,"Darell Hernaiz","OAK",24,50,43,12,10,2,0,0,4,5,3,0,8,1,2,1,1,1,0,0.279069767,26224
2024,"Adley Rutschman","BAL",91,182,164,54,38,9,0,7,19,33,16,1,24,1,1,0,3,0,0,0.329268292,26288
2024,"Gunnar Henderson","BAL",103,217,183,47,28,7,4,8,24,25,28,0,54,3,3,0,1,6,0,0.256830601,26289
2024,"Bryson Stott","PHI",80,129,112,25,21,3,0,1,13,10,15,0,26,1,1,0,3,8,1,0.223214285,26294
2024,"Josh Jung","TEX",18,37,33,9,7,1,0,1,5,1,3,0,9,1,0,0,1,0,0,0.272727272,26299
2024,"Michael Busch","CHC",72,100,89,23,15,6,1,1,16,8,8,0,25,2,1,0,1,0,0,0.258426966,26319
2024,"Spencer Steer","CIN",91,172,146,31,16,12,0,3,21,23,23,1,33,2,1,0,0,8,1,0.212328767,26323
2024,"Jonny DeLuca","TBR",56,100,89,17,13,2,1,1,10,10,11,1,25,0,0,0,0,2,2,0.191011235,26365
2024,"JJ Bleday","OAK",70,125,116,25,10,9,0,6,11,15,8,0,32,0,0,1,3,1,0,0.215517241,26368
2024,"Josh Smith","TEX",81,141,126,36,26,6,0,4,17,19,7,0,39,5,1,2,3,5,0,0.285714285,26396
2024,"Kyren Paris","LAA",14,26,25,2,1,1,0,0,1,1,1,0,6,0,0,0,0,0,0,0.08,26420
2024,"Matt Wallner","MIN",24,44,38,7,5,0,1,1,3,3,5,0,21,1,0,0,0,0,0,0.184210526,26466
2024,"Luis Matos","SFG",27,51,48,10,5,3,0,2,6,7,2,1,11,0,1,0,1,0,0,0.208333333,26467
2024,"Davis Wendzel","TEX",18,37,36,4,1,2,0,1,2,2,1,0,7,0,0,0,1,0,0,0.111111111,26469
2024,"Spencer Horwitz","TOR",48,81,72,14,10,4,0,0,5,9,7,0,14,1,1,0,2,0,0,0.194444444,26477
2024,"Noelvi Marte","CIN",32,45,42,9,6,2,0,1,10,3,3,0,19,0,0,0,0,3,1,0.214285714,26517
2024,"Angel Martinez","CLE",26,44,35,9,7,2,0,0,8,3,8,0,7,0,1,0,0,1,1,0.257142857,26540
2024,"Jonatan Clase","2 Tms",15,28,25,5,4,1,0,0,1,0,1,0,8,2,0,0,0,0,1,0.2,26599
2024,"Elly De La Cruz","CIN",116,217,192,43,30,7,0,6,22,20,19,0,69,4,0,2,3,23,6,0.223958333,26668
2024,"Austin Martin","MIN",48,80,70,17,11,6,0,0,8,3,8,0,15,1,0,1,0,1,1,0.242857142,27462
2024,"Dillon Dingler","DET",12,25,25,3,1,1,1,0,0,3,0,0,8,0,0,0,1,0,0,0.12,27464
2024,"Spencer Torkelson","DET",51,89,81,19,6,8,1,4,9,10,7,0,15,0,1,0,1,0,0,0.234567901,27465
2024,"Tyler Soderstrom","OAK",14,22,20,6,4,2,0,0,4,3,2,0,4,0,0,0,0,0,0,0.3,27467
2024,"Zach DeLoach","CHW",9,23,21,4,2,1,0,1,2,1,2,0,9,0,0,0,0,0,0,0.19047619,27471
2024,"Jordan Walker","STL",32,56,47,8,2,4,0,2,7,8,8,0,10,1,0,0,1,0,0,0.170212765,27475
2024,"Patrick Bailey","SFG",56,97,89,16,13,3,0,0,9,3,7,0,32,0,1,0,4,0,0,0.17977528,27478
2024,"Masyn Winn","STL",95,195,178,45,21,13,2,9,27,27,16,1,39,1,0,0,1,4,2,0.252808988,27479
2024,"Nick Gonzales","PIT",55,98,92,29,19,6,1,3,10,14,3,1,23,1,2,0,1,0,1,0.315217391,27490
2024,"Rece Hinds","CIN",12,20,18,2,1,0,0,1,1,3,2,0,7,0,0,0,0,1,0,0.111111111,27493
2024,"Ha-Seong Kim","SDP",69,132,113,28,19,6,0,3,15,12,18,2,18,0,0,1,2,7,2,0.24778761,27506
2024,"David Hamilton","BOS",36,50,48,10,8,1,0,1,11,1,2,0,18,0,0,0,0,9,0,0.208333333,27531
2024,"Edouard Julien","MIN",24,33,29,5,3,1,0,1,2,1,3,0,14,1,0,0,0,0,0,0.172413793,27534
2024,"Garrett Mitchell","MIL",19,37,33,9,6,3,0,0,2,2,2,0,15,0,0,2,0,0,0,0.272727272,27555
2024,"Austin Wells","NYY",53,77,66,13,11,2,0,0,3,12,8,0,21,2,1,0,1,0,2,0.196969696,27562
2024,"Casey Schmitt","SFG",26,49,45,14,8,1,1,4,5,7,2,0,10,1,1,0,1,0,0,0.311111111,27577
2024,"Alika Williams","PIT",17,32,24,6,1,3,2,0,6,4,3,0,6,0,0,5,0,0,0,0.25,27604
2024,"Alec Burleson","STL",83,142,133,26,20,3,0,3,15,12,6,0,17,0,1,0,3,2,0,0.195488721,27615
2024,"Nick Loftin","KCR",31,52,45,10,9,0,0,1,6,7,5,0,6,1,1,0,1,0,0,0.222222222,27630
2024,"Anthony Volpe","NYY",92,191,175,43,32,6,2,3,22,11,15,1,40,0,0,1,5,10,4,0.245714285,27647
2024,"Vinnie Pasquantino","KCR",69,122,114,28,17,7,0,4,14,21,3,0,23,1,4,0,3,0,0,0.245614035,27676
2024,"Michael Massey","KCR",40,66,61,16,9,4,1,2,8,10,1,0,18,1,1,2,1,0,0,0.262295081,27684
2024,"Brett Wisely","SFG",37,60,57,17,9,6,0,2,5,12,1,0,21,1,0,1,0,1,1,0.298245614,27735
2024,"Pete Crow-Armstrong","CHC",55,92,87,22,18,2,1,1,11,8,1,0,23,1,2,1,0,4,1,0.252873563,27769
2024,"Evan Carter","TEX",16,29,27,3,3,0,0,0,4,2,1,0,10,1,0,0,0,0,0,0.111111111,27790
2024,"Jordan Westburg","BAL",49,110,100,23,12,5,1,5,14,17,9,0,32,0,0,1,1,2,2,0.23,27815
2024,"Colt Keith","DET",54,88,82,25,22,2,0,1,7,8,6,0,24,0,0,0,1,2,0,0.304878048,27899
2024,"Jasson Dominguez","NYY",14,23,18,2,2,0,0,0,1,1,5,0,6,0,0,0,0,1,0,0.111111111,28080
2024,"Junior Caminero","TBR",14,29,26,9,7,2,0,0,3,2,3,2,4,0,0,0,1,0,0,0.346153846,28163
2024,"Javier Sanoja","MIA",10,20,19,4,4,0,0,0,1,0,1,0,1,0,0,0,1,0,0,0.210526315,28253
2024,"Jackson Chourio","MIL",81,176,161,43,33,7,0,3,21,15,15,3,35,0,0,0,3,8,4,0.267080745,28806
2024,"Jackson Merrill","SDP",87,156,146,35,26,4,0,5,13,17,8,0,23,0,2,0,0,4,0,0.239726027,29490
2024,"James Wood","WSN",59,125,115,30,24,4,1,1,12,13,9,0,26,1,0,0,0,6,1,0.260869565,29518
2024,"Ryan Bliss","SEA",20,34,30,7,3,1,1,2,4,6,4,0,12,0,0,0,0,4,1,0.233333333,29547
2024,"Trey Sweeney","DET",16,29,26,7,5,1,0,1,2,3,3,0,10,0,0,0,1,0,0,0.269230769,29575
2024,"Ben Rice","NYY",33,45,37,5,4,0,0,1,5,3,7,0,11,0,1,0,0,0,0,0.135135135,29576
2024,"Colton Cowser","BAL",81,146,134,30,20,4,1,5,17,8,9,0,51,2,1,0,0,5,1,0.223880597,29591
2024,"Connor Norby","2 Tms",28,63,63,15,8,4,0,3,4,5,0,0,25,0,0,0,0,1,2,0.238095238,29592
2024,"Justyn-Henry Malloy","DET",32,61,48,12,5,4,1,2,6,9,10,0,21,2,1,0,1,0,0,0.25,29606
2024,"Henry Davis","PIT",16,29,24,6,3,3,0,0,2,1,4,0,8,1,0,0,0,0,0,0.25,29617
2024,"Sal Frelick","MIL",60,94,83,20,13,6,0,1,11,8,7,0,15,1,1,1,1,1,0,0.240963855,29622
2024,"Joey Loperfido","2 Tms",30,50,45,8,6,1,0,1,3,3,5,0,17,0,0,0,0,1,1,0.177777777,29630
2024,"Will Wagner","TOR",12,22,21,4,3,0,0,1,1,2,1,0,7,0,0,0,0,0,0,0.19047619,29634
2024,"Hunter Goodman","COL",46,92,87,18,7,5,0,6,12,14,2,0,29,2,1,0,2,0,0,0.206896551,29715
2024,"Zack Gelof","OAK",62,125,109,15,8,5,0,2,13,6,14,0,45,1,1,0,2,5,2,0.137614678,29766
2024,"Brett Harris","OAK",15,34,30,5,3,2,0,0,4,1,4,0,9,0,0,0,1,0,1,0.166666666,29788
2024,"Kyle Manzardo","CLE",13,20,19,4,2,2,0,0,1,3,1,0,5,0,0,0,1,0,0,0.210526315,29794
2024,"Jacob Young","WSN",86,160,145,41,33,7,0,1,30,13,9,0,27,4,1,1,2,15,5,0.28275862,29931
2024,"Christian Encarnacion-Strand","CIN",16,38,36,6,5,1,0,0,2,2,2,0,13,0,0,0,1,0,0,0.166666666,30011
2024,"Seiya Suzuki","CHC",78,138,117,32,21,6,1,4,17,17,20,2,28,1,0,0,1,7,1,0.273504273,30116
2024,"Zach Neto","LAA",64,116,107,40,27,7,1,5,18,17,8,1,22,1,0,0,1,9,3,0.373831775,31347
2024,"Victor Scott II","STL",24,42,40,8,7,0,0,1,4,2,1,0,14,1,0,0,0,0,1,0.2,31349
2024,"Brooks Baldwin","CHW",15,31,26,5,4,1,0,0,2,1,4,0,4,0,0,1,1,1,0,0.192307692,31394
2024,"Jordan Beck","COL",28,56,53,9,5,3,0,1,2,3,3,1,20,0,0,0,2,2,0,0.16981132,31431
2024,"Zach Dezenzo","HOU",14,22,21,3,3,0,0,0,2,0,1,0,13,0,0,0,0,0,0,0.142857142,31562
2024,"Trey Lipscomb","WSN",35,75,72,9,8,1,0,0,4,1,2,0,13,1,0,0,4,3,2,0.125,31567
2024,"Brooks Lee","MIN",30,52,49,12,10,1,0,1,3,4,2,0,9,0,1,0,0,1,0,0.244897959,31595
2024,"Jackson Holliday","BAL",29,46,40,4,2,1,0,1,5,3,4,0,16,2,0,0,0,1,0,0.1,31781
2024,"Masataka Yoshida","BOS",63,108,94,18,13,3,0,2,7,14,9,0,10,3,2,0,1,0,0,0.191489361,31837
2024,"Nolan Schanuel","LAA",75,141,119,29,22,4,0,3,12,16,16,0,28,2,2,2,3,2,1,0.243697478,33189
2024,"Jacob Wilson","OAK",13,22,20,5,2,1,2,0,3,1,2,0,2,0,0,0,1,0,0,0.25,33266
2024,"Wyatt Langford","TEX",58,114,95,23,12,1,3,7,19,23,17,2,26,1,1,0,1,1,1,0.242105263,33333
2024,"Dylan Crews","WSN",16,42,37,9,5,2,0,2,6,4,4,0,9,1,0,0,1,4,0,0.243243243,33541
2024,"Jung Hoo Lee","SFG",26,46,44,10,9,0,0,1,4,3,1,0,5,0,1,0,2,0,0,0.227272727,33824