Name,Team,W,L,SV,G,GS,IP,K/9,BB/9,HR/9,BABIP,LOB%,GB%,HR/FB,vFA (pi),ERA,xERA,FIP,xFIP,WAR,H,ER,HR,BB,SO,WHIP,NameASCII,PlayerId,MLBAMID
"Cam Schlittler","NYY",4,1,0,7,7,41.2,10.584000645996133,1.2960000791015673,0.21600001318359455,0.24,0.74324324,0.46,0.028571428,97.8636092557252,1.512000092285162,2.407000529223659,1.5397156611328067,2.417498655751806,1.977671504020691,25,7,1,6,49,0.7440000454101591,"Cam Schlittler",32095,693645
"Tyler Glasnow","LAD",3,0,0,6,6,38.2,10.93965589192199,3.0258622679784226,0.9310345439933608,0.1875,0.79545455,0.452380952,0.121212121,95.60710366924157,2.560344995981742,2.415719027174075,3.0701295472778973,2.93413314222592,1.0553624629974365,19,11,4,13,47,0.8275862613274318,"Tyler Glasnow",14374,607192
"Shota Imanaga","CHC",3,2,0,7,7,41.1,9.362903513843891,2.1774194218241605,0.6532258265472481,0.21359223300970873,0.74675325,0.339622641,0.061224489,92.06690354012915,2.3951613640065768,2.842404054913551,2.736425424043891,3.472006210242351,1.2514235973358154,25,11,3,10,43,0.8467742195982847,"Shota Imanaga",33829,684007
"Drew Rasmussen","TBR",2,1,0,6,6,30.2,9.391304542527086,1.467391334769857,1.467391334769857,0.2,0.78947368,0.523809523,0.172413793,96.01427064324818,2.641304402585743,2.6101657273421335,3.669454900528849,2.889319220156975,0.5650814175605774,21,9,5,5,32,0.8478261045336952,"Drew Rasmussen",25385,656876
"Paul Skenes","PIT",4,2,0,7,7,34,10.323529411764707,1.8529411764705883,1.0588235294117647,0.2222222222222222,0.70866142,0.469879518,0.117647058,97.56404035115979,3.176470588235294,2.250418048118973,3.177127523983226,3.064124022424221,0.7730053067207336,22,12,4,7,39,0.8529411764705882,"Paul Skenes",33677,694973
"Shohei Ohtani","LAD",2,1,0,5,5,30,10.2,2.7,0,0.22972972972972974,0.85714286,0.534246575,0,98.06332140771028,0.6,2.2404374953571167,1.9810490926106772,3.208602920671304,1.3006136417388916,17,2,0,9,34,0.8666666666666667,"Shohei Ohtani",19755,660271
"Max Fried","NYY",4,1,0,8,8,52.2,7.348101620642825,2.5632912630149387,0.17088608420099594,0.22142857142857142,0.73529412,0.460431654,0.018867924,95.11134259259259,2.392405178813943,2.324628666084962,2.729994220119354,3.9085317063970813,1.6633111238479614,32,14,1,15,43,0.8924051063829788,"Max Fried",13743,608331
"Chris Sale","ATL",6,1,0,7,7,42,10.5,2.5714285714285716,1.0714285714285714,0.22340425531914893,0.91428571,0.464646464,0.128205128,95.37950897216797,2.142857142857143,2.8536503981954504,3.504858616420201,3.272475813151825,0.7615435719490051,26,10,5,12,49,0.9047619047619048,"Chris Sale",10603,519242
"Michael McGreevy","STL",2,2,0,7,7,39.1,5.49152560125854,1.8305085337528466,1.1440678335955292,0.20909090909090908,0.86206897,0.433628318,0.119047619,91.59348799542683,2.516949233910164,5.769533820781154,4.190088674331048,4.049982238924632,0.46349069476127625,28,11,5,8,24,0.9152542668764233,"Michael McGreevy",29869,700241
"Parker Messick","CLE",3,1,0,7,7,41.1,9.580645456026307,2.1774194218241605,0.8709677687296642,0.24742268041237114,0.83832335,0.49,0.114285714,93.85013289304123,2.3951613640065768,2.8637016818813827,3.0751351118832053,3.016448558710227,1.125878930091858,28,11,4,10,44,0.9193548669924234,"Parker Messick",31986,800048
"José Soriano","LAA",5,1,0,7,7,42.2,10.33593811606992,3.375000201165688,0.6328125377185665,0.22105263157894736,1,0.55670103,0.1,97.88294677734375,0.843750050291422,3.105392141859855,2.8899032439105206,2.971752808814283,1.1899893283843994,24,4,3,16,49,0.9375000558793578,"Jose Soriano",22100,667755
"Nolan McLean","NYM",1,2,0,7,7,39.1,11.669491902674396,2.516949233910164,0.45762713343821165,0.2727272727272727,0.65340909,0.455555555,0.071428571,96.8830006450688,2.9745763673483756,2.3326685767849225,2.1307665738590957,2.4780402639360593,1.448825478553772,26,13,2,11,51,0.9406779965118796,"Nolan McLean",33703,690997
"Tarik Skubal","DET",3,2,0,7,7,43.1,9.346154120405759,1.2461538827207677,0.41538462757358924,0.29464285714285715,0.71428571,0.459459459,0.0625,97.14186862244898,2.7000000792283303,3.181529770298678,2.155408037851547,2.6013710760308872,1.5565167665481567,35,13,2,6,45,0.94615387391762,"Tarik Skubal",22267,669373
"Ranger Suarez","BOS",2,2,0,7,7,39,7.384615384615385,2.3076923076923075,0.6923076923076923,0.23300970873786409,0.76219512,0.361904761,0.078947368,92.02410714285715,2.769230769230769,3.5141602472860054,3.275920887482472,3.6560109900358397,0.9732288122177124,27,12,3,10,32,0.9487179487179487,"Ranger Suarez",17277,624133
"Jacob deGrom","TEX",2,1,0,6,6,31.1,11.489362168387643,2.0106383794678377,1.1489362168387642,0.2638888888888889,0.94262295,0.315789473,0.1,97.3477271295363,2.0106383794678377,3.2103938559714855,2.9243114948920286,3.0729177943017447,0.9358479380607605,23,7,4,7,40,0.9574468473656369,"Jacob deGrom",10954,594798
"Kevin Gausman","TOR",2,2,0,7,7,40.2,8.852459569991037,1.7704919139982076,1.1065574462488796,0.24074074074074073,0.75,0.401785714,0.108695652,93.73221009036145,3.098360849496863,3.3674158359609287,3.3690272485271193,3.3728333169148823,0.9584507942199707,31,14,5,8,40,0.9590164534156957,"Kevin Gausman",14107,592332
"Emerson Hancock","SEA",2,1,0,7,7,41.2,9.936000606445349,1.2960000791015673,1.512000092285162,0.2755102040816326,0.93167702,0.466666666,0.175,95.18220819978633,2.5920001582031347,3.641696328498971,3.6997157929687523,2.8754676752816417,0.7054300308227539,34,12,7,6,46,0.9600000585937536,"Emerson Hancock",27470,676106
"Justin Wrobleski","LAD",5,0,0,5,5,32,3.65625,2.53125,0,0.21359223300970873,0.9375,0.427184466,0,93.78430989583333,0.5625,4.345857149351197,3.272715759277344,5.2202771211043,0.8200427293777466,22,2,0,9,13,0.96875,"Justin Wrobleski",31204,680736
"Clay Holmes","NYM",4,2,0,7,7,42.2,6.539062889758521,2.9531251760199773,0.6328125377185665,0.21008403361344538,0.90206186,0.581967213,0.09090909,94.82640075683594,1.687500100582844,3.8052766174175696,3.6633407900109907,3.8447815668533667,0.6912201642990112,28,8,3,14,31,0.9843750586733258,"Clay Holmes",13649,605280
"Nick Martinez","TBR",2,1,0,6,6,37,5.837837837837838,2.189189189189189,0.7297297297297297,0.22522522522522523,0.91463415,0.38938053,0.0625,93.22640588148585,1.7027027027027026,3.847457008135123,3.6342022457638303,4.417650803359779,0.7267134785652161,28,7,3,9,24,1,"Nick Martinez",12730,607259
"Jacob Misiorowski","MIL",2,2,0,7,7,38,13.973684210526315,3.5526315789473686,0.9473684210526315,0.2638888888888889,0.77540107,0.407894736,0.148148148,99.44331441815856,2.8421052631578947,2.9075904667482857,2.9898210224352386,2.627795314671178,1.0093411207199097,23,12,4,15,59,1,"Jacob Misiorowski",31623,694819
"Yoshinobu Yamamoto","LAD",2,2,0,6,6,37.2,7.646018215349465,2.150442623067037,0.9557522769186831,0.24752475247524752,0.77844311,0.417475728,0.097560975,95.6769366197183,2.8672568307560495,4.0402374202311435,3.6255918977366854,3.786815062312801,0.7460964918136597,29,12,4,9,32,1.0088496256363877,"Yoshinobu Yamamoto",33825,808967
"Keider Montero","DET",2,2,0,6,6,33.2,6.68316882166863,1.8712872700672165,0.8019802586002356,0.24489795918367346,0.67114094,0.33,0.056603773,94.58035888671876,3.475247787267688,3.135184897719525,3.4447454846848387,4.516120950172954,0.7765039205551147,27,13,3,7,25,1.009901066385482,"Keider Montero",22630,672456
"Erick Fedde","CHW",0,2,0,4,4,21.2,7.061538668751017,2.4923077654415353,1.661538510294357,0.2033898305084746,0.76086957,0.38095238,0.148148148,93.006298828125,3.7384616481623034,3.018153674101914,5.0861773546207605,4.451239940833839,0.10692146420478821,16,9,4,6,17,1.015384645179885,"Erick Fedde",17425,607200
"Gavin Williams","CLE",5,1,0,7,7,43.1,11.007692630700115,3.946153961949098,1.2461538827207677,0.20652173913043478,0.84699454,0.505154639,0.171428571,96.65829467773438,2.7000000792283303,3.8543255611383125,3.8861773194081692,3.2301993588548212,0.6186482310295105,25,13,6,19,53,1.015384645179885,"Gavin Williams",30122,668909
"Chase Burns","CIN",3,1,0,7,7,41,10.097560975609756,2.8536585365853657,1.0975609756097562,0.24742268041237114,0.91428571,0.48,0.131578947,98.31148976293103,2.1951219512195124,2.9821375286890826,3.4403986861066125,3.1678014665842062,1.0716992616653442,29,10,5,13,46,1.024390243902439,"Chase Burns",35333,695505
"Max Meyer","MIA",2,0,0,7,7,37,9.72972972972973,3.1621621621621623,0.4864864864864865,0.23958333333333334,0.7591623,0.443298969,0.057142857,95.1233984375,2.675675675675676,3.901387398871043,2.9855535971151816,3.622696548740606,0.9931941628456116,25,11,2,13,40,1.027027027027027,"Max Meyer",27474,676974
"Noah Schultz","CHW",2,1,0,4,4,21.1,8.43750050291422,5.062500301748532,0.421875025145711,0.17307692307692307,0.72815534,0.346153846,0.045454545,95.85454053217822,2.531250150874266,3.3827424070917935,3.5695907844230548,4.420886856534472,0.4575507342815399,10,6,1,12,20,1.0312500614672937,"Noah Schultz",32056,702273
"Brandon Woodruff","MIL",2,1,0,6,6,30,7.5,2.1,1.2,0.23809523809523808,0.71969697,0.298850574,0.085106382,92.29045024671052,3.6,3.088599553197145,4.01438242594401,4.500088704874118,0.4911055266857147,24,12,4,7,25,1.0333333333333334,"Brandon Woodruff",16162,605540
"Bryce Elder","ATL",3,1,0,7,7,43,7.534883720930233,2.7209302325581395,0.4186046511627907,0.25210084033613445,0.7918552,0.433333333,0.045454545,92.66771141258445,1.8837209302325582,2.984961227227879,3.124459945323855,3.969156772729962,1.008141279220581,32,9,2,13,36,1.0465116279069768,"Bryce Elder",27779,693821
"Mitch Keller","PIT",3,1,0,7,7,41,6.804878048780488,2.6341463414634148,0.21951219512195122,0.2542372881355932,0.72769953,0.398305084,0.025,93.67516637731481,2.8536585365853657,3.7738754617407952,2.9038133202529544,3.9686018696645418,1.1281136274337769,31,13,1,12,31,1.048780487804878,"Mitch Keller",17594,656605
"Robbie Ray","SFG",2,4,0,7,7,39.2,9.075630833962759,3.1764707918869655,1.5882353959434827,0.21875,0.90062112,0.277227722,0.122807017,93.70442311356707,2.9495800210378964,3.9282004696984227,4.483850298721861,4.225075601443052,0.21954168379306793,28,13,7,14,40,1.0588235972956552,"Robbie Ray",11486,592662
"Landen Roupp","SFG",5,2,0,7,7,39.2,9.756303146509966,3.6302523335851036,0.22689077084906897,0.25773195876288657,0.657277,0.53125,0.038461538,92.8443437056108,3.1764707918869655,2.6468926910324218,2.6687241319293094,3.269395132838658,1.0191220045089722,26,14,1,16,43,1.0588235972956552,"Landen Roupp",30076,694738
"Joe Ryan","MIN",2,3,0,8,8,38.2,9.310345439933608,2.327586359983402,0.6982759079950206,0.27450980392156865,0.56701031,0.35576923,0.058823529,93.26124971998208,3.7241381759734433,3.122718103104421,3.018405405944933,3.877978430250915,1.090207815170288,31,16,3,10,40,1.060344897325772,"Joe Ryan",21390,657746
"Janson Junk","MIA",2,2,0,6,6,33,5.7272727272727275,2.1818181818181817,0.5454545454545454,0.24752475247524752,0.69277108,0.494949494,0.057142857,94.55576963682432,3,3.559543147446179,3.4810490926106774,4.195421492917971,0.6742258071899414,27,11,2,8,21,1.0606060606060606,"Janson Junk",23301,676083
"Will Warren","NYY",4,0,0,7,7,37.2,10.991151184564856,1.9115045538373663,0.9557522769186831,0.3010752688172043,0.73446328,0.474226804,0.129032258,93.90611104249012,2.389380692296708,3.400707508107184,2.802582992612264,2.5877685398136387,1.013260006904602,32,10,4,8,46,1.0619469743540924,"Will Warren",30182,701542
"Bryan Woo","SEA",1,2,0,7,7,41,6.365853658536586,1.3170731707317074,1.3170731707317074,0.2601626016260163,0.61170213,0.310077519,0.089552238,95.86962009250902,4.609756097560975,4.076476928449666,4.220886490984661,4.633065847834437,0.49587783217430115,38,21,6,6,29,1.0731707317073171,"Bryan Woo",30279,693433
"Braxton Ashcraft","PIT",1,2,0,7,7,41.2,9.720000593261755,3.024000184570324,0.6480000395507837,0.27450980392156865,0.6937799,0.5,0.078947368,97.0185043492268,3.024000184570324,2.656065610647618,3.003715750488281,3.359480108192366,1.1077708005905151,31,14,3,14,45,1.0800000659179727,"Braxton Ashcraft",23793,677952
"Davis Martin","CHW",4,1,0,6,6,37,8.027027027027026,1.945945945945946,0.4864864864864865,0.30303030303030304,0.86734694,0.373737373,0.055555555,94.09130161830358,1.945945945945946,4.545463564978757,2.8774454890070738,3.5528697450418734,1.1485295295715332,32,8,2,8,33,1.0810810810810811,"Davis Martin",21448,663436
"Foster Griffin","WSN",3,1,0,7,7,39.2,7.487395438019275,3.1764707918869655,1.1344538542453448,0.22018348623853212,0.84210526,0.423423423,0.116279069,91.5888671875,2.2689077084906897,4.492315162676008,4.332589784822482,4.229368483632827,0.38656166195869446,29,10,5,14,33,1.0840336829455517,"Foster Griffin",16432,656492
"Jeffrey Springs","ATH",3,2,0,7,7,38.2,8.146552259941908,2.7931036319800824,1.3965518159900412,0.23300970873786409,0.75842697,0.361111111,0.117647058,91.51184404481133,3.9568968119717836,3.201466665102788,4.440819292601456,4.291771560914631,0.511529803276062,30,17,6,12,35,1.0862069679922544,"Jeffrey Springs",17677,605488
"Martín Pérez","ATL",2,1,0,4,4,21,5.142857142857143,4.285714285714286,0.42857142857142855,0.19672131147540983,0.84745763,0.433333333,0.05,90.72164481026786,2.142857142857143,4.641888372753716,4.338191949753535,5.068104581321989,0.1872827410697937,13,5,1,10,12,1.0952380952380953,"Martin Perez",6902,527048
"Steven Matz","TBR",4,1,0,7,7,37.1,6.7500002299036375,3.133928678169546,1.4464286206936365,0.21782178217821782,0.77380952,0.373831775,0.139534883,,3.8571429885163644,4.770531398559356,4.862001531951284,4.404114605158847,0.23622004687786102,28,16,6,13,28,1.0982143231192427,"Steven Matz",13361,571927
"Kyle Harrison","MIL",3,1,0,6,6,29.2,10.617977755642531,2.7303371371652227,0.6067415860367161,0.30985915492957744,0.87349398,0.38028169,0.083333333,94.77896278782895,2.1235955511285063,3.3699000968364246,2.8780528321499146,3.1475067137287644,0.8496477007865906,24,7,2,9,35,1.1123595744006463,"Kyle Harrison",27758,690986
"Michael Wacha","KCR",2,2,0,6,6,37.1,7.955357413815001,3.3750001149518187,0.9642857471290911,0.25,0.80213904,0.30927835,0.083333333,93.0937758692053,3.133928678169546,4.545941507548733,3.9780729304162836,4.40631214047658,0.6214777231216431,28,13,4,14,33,1.125000038317273,"Michael Wacha",14078,608379
"Kris Bubic","KCR",3,1,0,7,7,40.2,9.29508254849059,4.204918295745743,0.6639344677493279,0.24489795918367346,0.74766355,0.41,0.069767441,92.0869545990566,3.3196723387466394,3.8618812989349154,3.516568241360303,4.055229471324289,0.7718334197998047,27,15,3,19,42,1.131147611721077,"Kris Bubic",21455,663460
"Bailey Ober","MIN",3,1,0,7,7,38,6.868421052631579,3.0789473684210527,0.9473684210526315,0.23853211009174313,0.73604061,0.380530973,0.081632653,89.45677560536649,3.5526315789473686,3.822514993404226,4.174031548751028,4.632031677545686,0.6937416791915894,30,15,4,13,29,1.131578947368421,"Bailey Ober",21224,641927
"George Kirby","SEA",4,2,0,7,7,45,6.8,2.2,0.8,0.28346456692913385,0.80168776,0.564885496,0.095238095,96.83643897804055,3,2.8515708344316466,3.658826870388455,3.8252523604366515,0.748023271560669,40,15,4,11,34,1.1333333333333333,"George Kirby",25436,669923
"Michael King","SDP",3,2,0,7,7,39.2,8.84874006311369,4.084033875283241,0.6806723125472068,0.25263157894736843,0.78125,0.457446808,0.078947368,93.92266143528761,2.9495800210378964,4.006929026931789,3.8283880718245507,4.202090129386437,0.5999227166175842,27,13,3,18,39,1.1344538542453448,"Michael King",19853,650633
"Chad Patrick","MIL",2,0,0,4,4,21,6,4.714285714285714,0.42857142857142855,0.21052631578947367,0.88495575,0.350877192,0.033333333,94.46630859375,1.7142857142857142,3.284986060963037,4.004858616420201,5.4092513732966925,0.3194844424724579,13,4,1,11,14,1.1428571428571428,"Chad Patrick",30113,694477
"Reid Detmers","LAA",1,2,0,7,7,40,9.9,2.025,0.675,0.3119266055045872,0.64732143,0.36036036,0.0625,94.23748054358238,4.275,2.8264397742878535,2.8227157592773438,3.5474056750535965,1.2491775751113892,37,19,3,9,44,1.15,"Reid Detmers",27468,672282
"Jameson Taillon","CHC",2,1,0,6,6,34.2,8.04807751348037,3.3750002475885426,2.336538632945914,0.20689655172413793,0.80985915,0.326315789,0.183673469,91.78168706293707,4.413461862231171,4.121096688475513,5.945792887619982,4.572831389617347,-0.22888702154159546,27,17,9,13,31,1.1538462384918093,"Jameson Taillon",11674,592791
"Randy Vásquez","SDP",3,0,0,6,6,33.2,9.089109597469337,2.940594281534197,0.8019802586002356,0.28735632183908044,0.81521739,0.426966292,0.085714285,94.87674632352942,2.940594281534197,5.065883344529003,3.4447454846848387,3.7588333067315913,0.6272071003913879,28,11,3,11,34,1.1584159290892293,"Randy Vasquez",24719,681190
"Sandy Alcantara","MIA",3,2,0,7,7,47.1,5.894366355529741,2.8521127526756813,0.7605634007135149,0.2535211267605634,0.75396825,0.472222222,0.075471698,97.52425462372449,3.0422536028540597,3.1918841957123796,3.950532682252721,4.437919412531498,0.7725722193717957,40,16,4,15,31,1.1619718622012034,"Sandy Alcantara",18684,645261
"Tomoyuki Sugano","COL",3,1,0,6,6,31.2,5.9684215319520275,2.5578949422651545,1.4210527457028637,0.23958333333333334,0.9,0.465346534,0.125,92.3519620028409,2.8421054914057273,5.342782881913991,4.726663254502748,4.463178934159584,0.24865993857383728,28,10,5,9,21,1.168421146466799,"Tomoyuki Sugano",35321,608372
"Shane McClanahan","TBR",3,2,0,6,6,29,9.310344827586206,4.0344827586206895,0.3103448275862069,0.2597402597402597,0.67484663,0.391891891,0.032258064,95.30203297651934,3.103448275862069,3.8525537990144714,2.8718536903118266,3.9376694198826265,0.8563829064369202,21,10,1,13,30,1.1724137931034482,"Shane McClanahan",21483,663556
"Edward Cabrera","CHC",3,0,0,6,6,35.1,7.386792718663943,3.05660388358508,0.76415097089627,0.2727272727272727,0.74742268,0.414141414,0.083333333,95.87308855754573,3.05660388358508,3.784533642008222,3.713753515496803,4.053112890161105,0.5949528813362122,30,12,3,12,29,1.1886792880608645,"Edward Cabrera",21690,665795
"Ryan Weathers","NYY",2,2,0,7,7,38.2,10.47413861992531,2.327586359983402,1.3965518159900412,0.30927835051546393,0.82446809,0.411764705,0.157894736,96.22200852997449,3.0258622679784226,4.689757901781573,3.6132330312740244,2.9879790418639782,0.7524533271789551,36,13,6,10,45,1.1896552506581832,"Ryan Weathers",23796,677960
"Casey Mize","DET",2,2,0,6,6,31,10.161290947778207,3.1935485835874364,0.5806451970158975,0.3037974683544304,0.79545455,0.3875,0.055555555,93.86280851910828,2.9032259850794877,3.4488021332296133,2.8896512272702783,3.695802808267043,0.8913179039955139,26,10,2,11,35,1.1935484605326783,"Casey Mize",20492,663554
"Freddy Peralta","NYM",1,3,0,7,7,38.1,9.860869892315073,3.7565218637390756,0.9391304659347689,0.26,0.73113208,0.425742574,0.114285714,94.38732766544118,3.5217392472553835,3.6978261066669305,3.7216288217930362,3.6583494077846037,0.6670107841491699,30,15,4,16,42,1.200000039805538,"Freddy Peralta",18679,642547
"Jack Kochanowicz","LAA",2,1,0,7,7,41.1,6.532258265472482,4.572580785830738,0.4354838843648321,0.225,0.73170732,0.616666666,0.066666666,96.39530181884766,3.0483871905538247,4.475756023225794,3.9944899788756287,4.39349598859584,0.6209704279899597,29,14,2,21,30,1.209677456568978,"Jack Kochanowicz",27688,686799
"Seth Lugo","KCR",1,1,0,7,7,43.2,7.625954642606234,2.679389469023812,0.20610688223260093,0.3170731707317073,0.75581395,0.393442622,0.022222222,91.97652823464912,2.679389469023812,4.101067714332761,2.6438989360420972,3.8058464504679326,1.4040651321411133,40,13,1,13,37,1.2137405287030942,"Seth Lugo",12447,607625
"Taj Bradley","MIN",3,1,0,7,7,41,9.658536585365853,3.292682926829268,1.0975609756097562,0.2777777777777778,0.86666667,0.330357142,0.094339622,97.0375946234472,2.8536585365853657,4.00225159075065,3.830642588545637,4.076243514076967,0.6991457343101501,35,13,5,15,44,1.2195121951219512,"Taj Bradley",22543,671737
"Sean Burke","CHW",2,2,0,5,5,26.1,7.177215536441829,2.734177347215935,1.0253165052059756,0.2857142857142857,0.73825503,0.487179487,0.111111111,94.03919719827586,3.7594938524219104,4.120179463879277,4.059108208349322,4.030362248921979,0.4546584188938141,25,11,3,8,21,1.2531646174739701,"Sean Burke",29878,680732
"Patrick Corbin","TOR",1,0,0,5,5,24.2,7.2972980496481865,2.5540543173768655,1.094594707447228,0.30434782608695654,0.80536913,0.38028169,0.115384615,91.472939453125,3.6486490248240933,5.724979267620876,4.323391556165108,4.235281337965497,0.22662001848220825,24,10,3,7,20,1.256756886328299,"Patrick Corbin",9323,571578
"Framber Valdez","DET",2,1,0,7,7,40.1,7.1404960928829,3.123967040636269,0.44628100580518126,0.2845528455284553,0.73705179,0.512,0.054054054,,3.3471075435388595,3.754867465478255,3.3956496513913335,4.050371301861319,0.8490981459617615,37,15,2,14,32,1.2644628497813468,"Framber Valdez",17295,664285
"Jesús Luzardo","PHI",3,3,0,7,7,40.2,11.286885951738574,1.9918034032479834,0.8852459569991038,0.36792452830188677,0.61983471,0.486238532,0.142857142,97.38458705357142,5.090164252744847,3.1694796242571175,2.729682946249989,2.4262263215708693,1.1585392951965332,43,23,4,9,51,1.2786886045542611,"Jesus Luzardo",19959,666200
"Logan Gilbert","SEA",1,3,0,7,7,38,9.236842105263158,1.894736842105263,0.9473684210526315,0.3490566037735849,0.75431034,0.366972477,0.093023255,95.71122233072917,4.026315789473684,3.7629751104135716,3.3319262855931333,3.5662830044172313,0.789803147315979,41,17,4,8,39,1.2894736842105263,"Logan Gilbert",22250,669302
"Matthew Boyd","CHC",2,1,0,5,5,24,11.625000923872067,2.2500001788139485,0.7500000596046495,0.3770491803278688,0.4964539,0.396825396,0.086956521,92.57562785388127,6.000000476837196,4.158140891421286,2.3977156996726943,2.6717736403019536,0.813357949256897,25,16,2,6,31,1.2916667693191186,"Matthew Boyd",15440,571510
"Jake Irvin","WSN",1,4,0,7,7,34.2,10.125000742765629,3.8942310549098567,1.0384616146426284,0.2826086956521739,0.64516129,0.375,0.095238095,92.76937676553672,4.932692669552486,4.824439655500949,4.041946594108496,4.2579796979999225,0.502147912979126,30,19,4,15,39,1.2980770183032857,"Jake Irvin",21504,663623
"J.T. Ginn","ATH",0,1,0,5,5,22.1,7.656716853851595,4.835821170853639,1.2089552927134097,0.23333333333333334,0.7751938,0.5,0.130434782,94.48879076086956,4.029850975711366,3.981877650115546,4.938760637371284,4.651181071104203,0.17827360332012177,17,10,3,12,19,1.2985075366181067,"J.T. Ginn",27889,669372
"Sonny Gray","BOS",2,1,0,5,5,23,5.086956521739131,1.9565217391304348,1.173913043478261,0.2857142857142857,0.70895522,0.5375,0.130434782,92.18648217429578,4.304347826086956,5.681126734958811,4.495541846233865,4.2162979354677,0.16863520443439484,25,11,3,5,13,1.3043478260869565,"Sonny Gray",12768,543243
"Spencer Arrighetti","HOU",4,0,0,4,4,23,9.782608695652174,5.478260869565218,0.391304347826087,0.2631578947368421,0.88957055,0.362068965,0.041666666,92.6312839673913,1.9565217391304348,5.74285372474588,3.8868461940599524,4.79962003386539,0.4062091112136841,16,5,1,14,25,1.3043478260869565,"Spencer Arrighetti",29921,681293
"Andre Pallante","STL",3,2,0,6,6,31.1,7.468085409451968,4.0212767589356755,1.1489362168387642,0.25,0.77540107,0.5,0.114285714,94.90153391768293,3.734042704725984,4.426315544630917,4.679630715062363,4.602214410116643,0.13148018717765808,27,13,4,14,26,1.3085106913997038,"Andre Pallante",26108,669467
"Grant Holmes","ATL",2,1,0,7,7,37.1,6.991071666685911,4.098214425298637,1.4464286206936365,0.24074074074074073,0.73891626,0.442477876,0.136363636,94.71431280339806,4.33928586208091,4.290437930925122,5.049501538337496,4.6295541198858485,0.11530452966690063,32,18,6,17,29,1.3125000447034851,"Grant Holmes",16944,656550
"Connelly Early","BOS",2,2,0,7,7,35.2,7.82243046430288,4.289719932037063,1.2616823329520774,0.2631578947368421,0.81395349,0.4,0.121951219,94.13238262559808,3.7850469988562323,5.353579156608746,4.914071025410252,4.719848734618359,0.12988772988319397,30,15,5,17,31,1.317757103305503,"Connelly Early",33666,813349
"Emmet Sheehan","LAD",2,1,0,6,6,31,10.451613546286156,2.612903386571539,1.7419355910476926,0.325,0.71428571,0.418604651,0.206896551,94.38904038915095,5.225806773143078,4.3220736554228285,4.309006153309139,3.1179041326450303,0.3867242634296417,32,18,6,9,36,1.322580726536211,"Emmet Sheehan",29839,686218
"Dylan Cease","TOR",2,1,0,7,7,38.1,13.147826523086763,4.22608709670646,0.23478261648369222,0.3595505617977528,0.71705426,0.505617977,0.045454545,97.88428485576924,3.0521740142879987,3.029364894771685,2.1303244211813444,2.604089179224501,1.4536629915237427,33,13,1,18,56,1.3304348267409225,"Dylan Cease",18525,656302
"Nathan Eovaldi","TEX",3,4,0,7,7,39.2,8.84874006311369,2.2689077084906897,2.0420169376416206,0.3008849557522124,0.75471698,0.5,0.23076923,94.66749195772059,4.764706187830448,4.399753244378779,5.038472183019586,3.4814953335186942,0.1646309494972229,43,21,9,10,39,1.3361345394445172,"Nathan Eovaldi",9132,543135
"Aaron Civale","ATH",3,1,0,7,7,36.2,6.627273186928017,2.454545624788154,0.9818182499152617,0.3017241379310345,0.85585586,0.294117647,0.072727272,91.9337890625,2.9454547497457853,4.224009234011716,3.9931703633710414,4.699600988906248,0.5709970593452454,39,12,4,10,27,1.3363637290513284,"Aaron Civale",19479,650644
"MacKenzie Gore","TEX",2,2,0,7,7,34.2,11.68269316472957,4.673077265891828,1.2980770183032857,0.2926829268292683,0.73170732,0.406976744,0.147058823,95.76071885665529,4.673077265891828,4.2937407690369,4.070792750070791,3.5849623571322313,0.460593044757843,29,18,5,18,45,1.3557693302278762,"MacKenzie Gore",22201,669022
"Jose Quintana","COL",1,2,0,5,5,24.1,4.438356396314877,4.0684933632886375,1.8493151651311988,0.2236842105263158,0.77777778,0.3125,0.121951219,89.99005126953125,4.0684933632886375,5.3319236770593434,6.312099486279617,6.0274175038288,-0.13724815845489502,22,11,5,11,12,1.3561644544295457,"Jose Quintana",11423,500779
"Kyle Freeland","COL",1,3,0,5,5,25,8.64,2.88,1.44,0.30985915492957744,0.74074074,0.493333333,0.16,91.84466711956522,5.04,4.6044277204567905,4.7477157592773445,4.084124022424222,0.2220326066017151,26,14,4,8,24,1.36,"Kyle Freeland",16256,607536
"Logan Webb","SFG",2,3,0,7,7,44,7.7727272727272725,3.0681818181818183,0.6136363636363636,0.3230769230769231,0.67474048,0.580152671,0.111111111,92.7536358173077,4.295454545454546,4.4345259093509455,3.4658975774591623,3.448693557117473,0.719910204410553,45,21,3,15,38,1.3636363636363635,"Logan Webb",17995,657277
"Jack Leiter","TEX",1,3,0,7,7,38,10.18421052631579,3.0789473684210527,1.6578947368421053,0.32323232323232326,0.67873303,0.409523809,0.189189189,97.18925487546993,5.447368421052632,4.881263656927889,4.4635052329615545,3.4479027523414087,0.36936575174331665,39,23,7,13,43,1.368421052631579,"Jack Leiter",30146,683004
"Eury Pérez","MIA",2,3,0,7,7,36.1,9.660550796808042,3.963302890998172,1.4862385841243144,0.29473684210526313,0.68807339,0.36,0.130434782,98.14681288226299,4.458715752372943,5.02814780401371,4.633954343401658,4.280416168774392,0.26883670687675476,34,18,6,16,39,1.3761468371521428,"Eury Perez",27768,691587
"Rhett Lowder","CIN",3,2,0,7,7,35.1,6.622641747767673,3.566037864182593,0.25471699029875666,0.30357142857142855,0.58823529,0.415929203,0.023809523,93.16845356826241,5.0943398059751335,4.581929714382604,3.2326214227102628,4.54835204700857,0.8802855014801025,35,20,1,14,26,1.386792502737675,"Rhett Lowder",33876,695076
"Joey Cantillo","CLE",1,1,0,7,7,34.1,9.436893553387302,4.194174912616578,1.3106796601926807,0.3103448275862069,0.73809524,0.45054945,0.138888888,91.72857458726415,3.669903048539506,4.249785107304915,4.429269204799076,4.02123125201579,0.3562162518501282,32,14,5,16,36,1.3980583042055261,"Joey Cantillo",23335,676282
"Lance McCullers Jr.","HOU",2,2,0,6,6,31.1,9.478723788919806,4.8829789215647486,1.1489362168387642,0.2987012987012987,0.54455446,0.432098765,0.142857142,92.07985229492188,6.319149192613204,4.379362539745022,4.5200562405014235,4.126208289458093,0.3283056616783142,27,22,4,17,33,1.4042553761362675,"Lance McCullers Jr.",14120,621121
"Eduardo Rodriguez","ARI",2,0,0,6,6,32.2,6.061224961668128,4.4081636084859115,1.1020409021214779,0.25742574257425743,0.84158416,0.432692307,0.111111111,91.93166920731707,3.030612480834064,5.038821752702866,4.862001607021865,4.831104588492653,0.08235710114240646,30,11,4,16,22,1.4081633749329996,"Eduardo Rodriguez",13164,593958
"Kumar Rocker","TEX",1,3,0,6,6,28.2,7.534883888042447,3.1395349533510197,0.9418604860053059,0.3146067415730337,0.71428571,0.54347826,0.096774193,94.7379150390625,4.70930243002653,4.8504073878489695,3.984925080170949,4.1561572755111715,0.49410295486450195,31,15,3,10,24,1.430232589859909,"Kumar Rocker",31843,677958
"Reynaldo López","ATL",1,1,0,5,5,21.2,8.307692551471785,4.569230903309482,1.661538510294357,0.2711864406779661,0.75757576,0.349206349,0.137931034,94.00106707317073,3.7384616481623034,4.91350270240297,5.36310043966982,4.858908407856102,-0.050235822796821594,20,9,4,11,20,1.430769272753474,"Reynaldo Lopez",16400,625643
"Michael Soroka","ARI",4,1,0,6,6,30.2,10.565217610342971,2.641304402585743,0.8804348008619143,0.3764705882352941,0.72429907,0.38372093,0.103448275,93.87599571078431,4.695652271263543,5.118421231602306,3.245541848262001,3.3132322724238223,0.5997239947319031,35,16,3,9,36,1.434782638441638,"Michael Soroka",18383,647336
"Luis Severino","ATH",2,2,0,7,7,38.1,9.39130465934769,5.400000179124921,0.9391304659347689,0.3010752688172043,0.73929961,0.416666666,0.111111111,97.15302249556737,4.460869713190152,4.303783549439395,4.373802756469959,4.347473124464943,0.4559008777141571,32,19,4,23,40,1.4347826562892303,"Luis Severino",15890,622663
"Ryne Nelson","ARI",1,3,0,7,7,31.1,8.042554007444382,3.734042932027749,2.0106385018610955,0.2631578947368421,0.45454545,0.267326732,0.132075471,96.3152101053994,6.606383648972171,5.802154319012934,5.509418126542758,5.001002264752566,-0.12960204482078552,32,23,7,13,28,1.4361703584722112,"Ryne Nelson",26253,669194
"Tanner Bibee","CLE",0,4,0,7,7,35.1,8.150943689560213,3.566037864182593,1.2735849514937834,0.3137254901960784,0.79545455,0.443396226,0.138888888,94.35934448242188,4.075471844780107,4.272730751797756,4.3646969351491816,3.9682072267281865,0.39894968271255493,37,16,5,14,32,1.443396278359621,"Tanner Bibee",30134,676440
"Germán Márquez","SDP",3,2,0,6,6,29.2,5.764045067348803,3.6404495162202966,2.4269663441468645,0.26136363636363635,0.76219512,0.326315789,0.173913043,94.22753341763006,5.764045067348803,5.635872370982316,6.687041677824855,5.377652215092347,-0.39919552206993103,31,19,8,12,19,1.449438233309933,"German Marquez",15038,608566
"Trevor Rogers","BAL",2,3,0,6,6,30.1,8.010989346807683,2.967033091410253,0.8901099274230759,0.33695652173913043,0.68627451,0.389473684,0.075,92.68075440528635,4.747252946256404,3.6812516207424926,3.7411223775593943,4.323199232483265,0.6151288151741028,34,16,3,10,27,1.4505495113561238,"Trevor Rogers",22286,669432
"Cole Ragans","KCR",1,4,0,7,7,32.1,11.4123715828324,5.845361054621472,2.783505264105463,0.24242424242424243,0.81818182,0.346666666,0.25,95.12596153846154,5.2886600018003795,5.30798059575481,6.580705585007415,4.3123445842292165,-0.36437705159187317,26,19,10,21,41,1.4536083045884085,"Cole Ragans",21846,666142
"Garrett Crochet","BOS",3,3,0,6,6,30,11.1,3.3,1.5,0.345679012345679,0.6097561,0.364705882,0.15625,96.07792178468208,6.3,4.867943207435644,4.347715759277344,3.6918845733006798,0.3155575096607208,33,21,5,11,37,1.4666666666666666,"Garrett Crochet",27463,676979
"Colin Rea","CHC",3,1,0,4,4,20.1,7.524590634492382,3.540983827996415,0.4426229784995519,0.3181818181818182,0.70945946,0.522388059,0.045454545,93.84780200559702,4.426229784995519,4.412213360770559,3.4427977449437113,4.335960839613231,0.4043640196323395,22,10,1,8,17,1.4754099283318396,"Colin Rea",12317,607067
"Bubba Chandler","PIT",1,3,0,6,6,29,8.379310344827585,6.206896551724138,1.5517241379310345,0.23376623376623376,0.72972973,0.345679012,0.135135135,98.75742737676056,4.9655172413793105,5.1643055257750605,5.699439897208379,5.26520216398198,-0.13170896470546722,23,16,5,20,27,1.4827586206896552,"Bubba Chandler",29868,696149
"Ryan Feltner","COL",1,1,0,5,5,20,7.65,3.6,2.25,0.29310344827586204,0.65217391,0.428571428,0.2,94.92733604029605,6.3,6.477729733547872,5.897715759277344,4.4182260882109405,-0.06780342757701874,22,14,5,8,17,1.5,"Ryan Feltner",21446,663372
"Shane Baz","BAL",1,2,0,6,6,34,7.676470588235294,2.911764705882353,0.7941176470588235,0.3523809523809524,0.73770492,0.398148148,0.078947368,96.9417384826031,4.5,4.105830113228247,3.735951053394991,4.17193675926503,0.540446937084198,40,17,3,11,29,1.5,"Shane Baz",22264,669358
"Matthew Liberatore","STL",1,1,0,7,7,36,5.75,3.25,2,0.2894736842105263,0.8411215,0.363636363,0.16,94.37254437196601,4.5,5.811581686337348,5.842160203721789,4.920505013648007,-0.29466190934181213,41,18,8,13,23,1.5,"Matthew Liberatore",22294,669461
"Cristopher Sánchez","PHI",2,2,0,7,7,40.1,11.157025145129532,2.9008265377336784,0.6694215087077718,0.39473684210526316,0.75704225,0.572649572,0.09375,,2.9008265377336784,3.3962780868665057,2.602261196626567,2.7590809805961554,1.2043085098266602,48,13,3,13,50,1.5123967418953366,"Cristopher Sanchez",20778,650911
"Zac Gallen","ARI",1,2,0,7,7,32.1,5.567010528210926,2.783505264105463,0.5567010528210926,0.3394495412844037,0.69264069,0.49090909,0.054054054,93.8353859230324,4.453608422568741,5.239051070088104,3.6425611395627597,4.459275782086703,0.5110275149345398,39,16,2,10,20,1.5154639771240854,"Zac Gallen",19291,668678
"Dustin May","STL",3,3,0,7,7,36.2,6.136364061970386,2.209091062309339,0.7363636874364463,0.3826086956521739,0.67518248,0.444444444,0.076923076,97.2194931702044,5.154545812055124,4.1868493513067975,3.8295339883851645,4.272440989906046,0.5621893405914307,47,21,3,9,25,1.5272728332015182,"Dustin May",19716,669160
"Tyler Mahle","SFG",1,4,0,7,7,36,8.5,4.5,1.5,0.31,0.75107296,0.495238095,0.176470588,92.53989583333333,5,4.6912922875778325,4.925493537055122,4.0965457855827285,-0.02913156896829605,37,20,6,18,34,1.5277777777777777,"Tyler Mahle",16358,641816
"Walker Buehler","SDP",1,2,0,6,6,25,8.640000659179737,4.320000329589869,0.3600000274658224,0.3466666666666667,0.65656566,0.486842105,0.05,93.89029724957192,5.400000411987336,4.870455737602844,3.4277157806396503,4.040842437935003,0.47552716732025146,27,15,1,12,24,1.5600001190185637,"Walker Buehler",19374,621111
"Aaron Nola","PHI",1,3,0,6,6,31.1,10.053191897339188,3.734042704725984,1.7234043252581464,0.3488372093023256,0.68965517,0.402173913,0.176470588,92.21787359775641,6.031915138403512,4.862505388166531,4.647715820150175,3.695307726616483,0.27472996711730957,36,21,6,13,35,1.563829850697207,"Aaron Nola",16149,605400
"Slade Cecconi","CLE",1,4,0,7,7,35.2,7.065421064531634,3.2803740656754017,2.018691732723324,0.3125,0.64853556,0.440677966,0.177777777,93.3080661285545,6.560748131350803,5.6529166778852735,5.839304736241775,4.7104739597233936,-0.18071414530277252,43,26,8,13,28,1.5700935698959186,"Slade Cecconi",27500,677944
"Yusei Kikuchi","LAA",0,3,0,7,7,31,9.580645161290322,4.064516129032258,0.8709677419354839,0.3516483516483517,0.65502183,0.372340425,0.078947368,95.54063527960527,5.806451612903226,4.726491016830175,3.7283609205676664,4.206538791521903,0.6452627778053284,35,20,3,14,33,1.5806451612903225,"Yusei Kikuchi",20633,579328
"Eric Lauer","TOR",1,2,0,5,5,22,6.545454545454546,4.909090909090909,2.4545454545454546,0.25757575757575757,0.7518797,0.225352112,0.139534883,90.14985064338235,6.136363636363637,5.212802361534356,6.874988486550071,6.097968273609877,-0.2030443251132965,23,15,6,12,16,1.5909090909090908,"Eric Lauer",19316,641778
"Noah Cameron","KCR",2,2,0,6,6,31.2,7.957895375936037,3.1263160405463,1.4210527457028637,0.35,0.65909091,0.295238095,0.116279069,92.38998432523886,5.400000433670882,6.325088747672342,4.474031655266684,4.34473339168226,0.3732573091983795,40,19,5,11,28,1.6105264451299122,"Noah Cameron",30184,702070
"Brandon Williamson","CIN",2,3,0,6,6,28,6.107143273158978,6.428571866483134,1.285714373296627,0.2682926829268293,0.69124424,0.337209302,0.095238095,92.76325461647727,6.107143273158978,6.515587675544771,6.112001675489012,6.379471231286388,-0.08736272156238556,26,19,4,20,19,1.6428572547679121,"Brandon Williamson",25463,682227
"Mike Burrows","HOU",1,4,0,7,7,37.2,8.601770492268148,3.10619489998572,1.9115045538373663,0.37272727272727274,0.73863636,0.401709401,0.163265306,95.08817138671876,5.97345173074177,3.8561116220626244,5.191963684908972,4.27348587672456,0.0961245447397232,49,25,8,13,36,1.6460178102488432,"Mike Burrows",24728,681347
"Luis Castillo","SEA",0,3,0,7,7,34.1,8.12621389319462,3.40776711650097,1.0485437281541445,0.3669724770642202,0.58823529,0.330357142,0.086956521,95.15930879237288,6.291262368924867,5.877566193573988,4.254511916773385,4.637660866053641,0.4187220633029938,44,24,4,13,31,1.6601942362440623,"Luis Castillo",15689,622491
"Cade Cavalli","WSN",1,1,0,7,7,30.2,11.152174837873279,4.108695992900682,0.29347828520719155,0.4186046511627907,0.70895522,0.436781609,0.033333333,96.580703125,3.8152177076934906,3.8077047421304004,2.8542374740701524,3.8159412895096825,0.7489819526672363,37,13,1,14,38,1.6630436161740856,"Cade Cavalli",27473,676917
"Kyle Leahy","STL",3,3,0,6,6,29.1,6.750000292604632,3.375000146302316,1.8409091707103544,0.34408602150537637,0.77464789,0.510204081,0.24,93.91252055921052,5.522727512131063,6.011548626314101,5.636352230793193,4.184427392126853,-0.19515171647071838,38,18,6,11,22,1.670454617866803,"Kyle Leahy",24763,681517
"Andrew Abbott","CIN",1,2,0,7,7,34.2,6.230769687855771,3.8942310549098567,1.2980770183032857,0.3333333333333333,0.66666667,0.461538461,0.131578947,92.53574831228222,5.971154284195114,5.212116613087215,4.936177428939649,4.613778770661162,0.26527726650238037,43,23,5,15,24,1.6730770458131237,"Andrew Abbott",29911,671096
"Roki Sasaki","LAD",1,3,0,6,6,28.2,8.162790878712652,4.70930243002653,2.511627962680816,0.3048780487804878,0.8040201,0.382022471,0.2,97.25292119565218,5.965116411366938,5.793612606775635,6.845390259890767,5.193866869513958,-0.3525497615337372,33,19,8,15,26,1.6744186417872104,"Roki Sasaki",35323,808963
"Carmen Mlodzinski","PIT",1,2,0,6,6,28,11.250001532691075,3.5357147674171947,0.321428615219745,0.42168674698795183,0.6223176,0.426829268,0.04,95.02195534131205,5.7857150739554095,5.0073759212353535,2.3977156570979394,3.1980802868058213,0.932884156703949,36,18,1,11,35,1.6785716572586682,"Carmen Mlodzinski",27572,669387
"Chris Paddack","MIA",0,5,0,6,6,26,7.961539045593486,2.076923229285257,2.076923229285257,0.36363636363636365,0.51912568,0.376344086,0.153846153,93.1413905767747,9.000000660236113,4.082161182337142,5.186177447279541,4.3107897777818005,-0.018411654978990555,38,26,6,6,23,1.692307816454654,"Chris Paddack",20099,663978
"Adrian Houser","SFG",0,3,0,6,6,30.1,4.747252946256404,2.967033091410253,1.7802198548461519,0.32727272727272727,0.58295964,0.49122807,0.1875,95.84643968485169,7.1208794193846074,5.9803753704814495,5.752111472848566,4.674915749254331,-0.22588728368282318,42,24,6,10,16,1.7142857861481462,"Adrian Houser",12718,605288
"Brady Singer","CIN",2,2,0,7,7,32.1,5.567010528210926,2.505154737694917,1.948453684873824,0.34782608695652173,0.76763485,0.409836065,0.166666666,90.4533857865767,5.567010528210926,6.1866632524071745,5.745654005775776,4.771091505145319,-0.004138295538723469,47,20,7,9,20,1.7319588309989549,"Brady Singer",25377,663903
"Anthony Kay","CHW",1,1,0,5,5,23,7.434783225248853,4.695652563315065,1.9565219013812771,0.32857142857142857,0.72972973,0.378378378,0.172413793,96.18523406982422,6.260870084420087,7.40394584800694,6.408585594912806,5.368404623055053,-0.13266292214393616,28,16,5,12,19,1.7391305790055798,"Anthony Kay",20387,641743
"Andrew Painter","PHI",1,3,0,5,5,24,7.875,3,1.125,0.38271604938271603,0.69587629,0.333333333,0.083333333,96.739501953125,6,4.615315514194049,4.147715759277345,4.647328153997661,0.33592402935028076,34,16,3,8,21,1.75,"Andrew Painter",30091,691725
"Simeon Woods Richardson","MIN",0,5,0,7,7,34.2,4.413461862231171,3.6346156512491996,2.076923229285257,0.32231404958677684,0.66929134,0.377952755,0.137931034,93.0487060546875,6.490385091516428,5.217242451756059,6.465023694941296,5.834783627433667,-0.301699697971344,47,25,8,14,17,1.7596155137000093,"Simeon Woods Richardson",24494,680573
"Zack Littell","WSN",0,3,0,5,5,23.2,5.704225505351363,3.4225353032108172,4.183098703924332,0.27848101265822783,0.52631579,0.366666666,0.255813953,91.48420492450843,8.366197407848665,8.809577231910152,9.063208875938017,5.594429429878515,-0.7410909533500671,33,22,11,9,15,1.7746479349982016,"Zack Littell",15823,641793
"Jack Flaherty","DET",0,2,0,7,7,29,9.931035135929182,7.758621199944674,1.5517242399889348,0.29333333333333333,0.69387755,0.311688311,0.125,93.04453562266791,5.896552111957952,5.3621162188486595,6.182198717477927,5.894485958067809,-0.10070584714412689,27,19,5,25,32,1.7931035662094357,"Jack Flaherty",17479,656427
"Michael Lorenzen","COL",2,3,0,7,7,33,6.545454545454546,2.4545454545454546,1.6363636363636365,0.37815126050420167,0.63432836,0.464,0.162162162,94.06098588016054,6.2727272727272725,5.561794193047429,5.056806668368253,4.281264417957176,0.14705872535705566,51,23,6,9,24,1.8181818181818181,"Michael Lorenzen",14843,547179
"Kyle Bradish","BAL",1,4,0,7,7,34,9.264705882352942,5.5588235294117645,1.3235294117647058,0.375,0.70909091,0.464646464,0.142857142,,5.029411764705882,5.124520540501078,4.8535981122185206,4.399900736046188,0.16087606549263,41,19,5,21,35,1.8235294117647058,"Kyle Bradish",24586,680694
"Chris Bassitt","BAL",2,2,0,6,6,28,5.464286086510664,4.500000306538194,0.9642857799724701,0.35714285714285715,0.72834646,0.464646464,0.096774193,91.48751183712122,5.464286086510664,5.176265006300471,5.147715895516541,5.323025055942573,0.052854571491479874,38,17,3,14,17,1.8571429836506832,"Chris Bassitt",12304,605135
"Jacob Lopez","ATH",2,2,0,6,6,29,6.827586206896552,6.206896551724138,1.8620689655172413,0.3076923076923077,0.72368421,0.329896907,0.122448979,90.90743885869566,6.517241379310345,3.45858250536165,6.389095069622171,6.0926814452841365,-0.11228524893522263,34,21,6,20,22,1.8620689655172413,"Jacob Lopez",25098,682052
"David Peterson","NYM",0,4,0,5,5,23.1,10.02857197508523,5.014285987542615,0.38571430673404733,0.4,0.52752294,0.594594594,0.071428571,92.17350463867187,8.100000441414993,4.8327896987290995,3.27628719485536,3.5689893115516282,0.5343445539474487,31,21,1,13,26,1.8857143884775647,"David Peterson",20302,656849
"Kodai Senga","NYM",0,4,0,5,5,20,10.350000987053011,5.850000557899528,2.2500002145767417,0.38181818181818183,0.57575758,0.305084745,0.185185185,96.33967391304348,9.000000858306967,4.683549134434947,6.197716050148038,4.859867077809102,-0.22149521112442017,26,20,5,13,23,1.9500001859665095,"Kodai Senga",31838,673540
"Brayan Bello","BOS",1,4,0,6,6,25.2,5.961039551676916,5.259740780891397,2.8051950831420784,0.3763440860215054,0.64102564,0.494949494,0.275862068,94.18683220358456,9.116884020211755,8.075183690498953,7.628235683740385,5.176644777112127,-0.5717472434043884,43,26,8,15,17,2.2597404836422297,"Brayan Bello",23920,678394