Name,Team,G,PA,HR,R,RBI,SB,BB%,K%,ISO,BABIP,AVG,OBP,SLG,wOBA,xwOBA,wRC+,BsR,Off,Def,WAR,NameASCII,PlayerId,MLBAMID
"Pete Crow-Armstrong","CHC",144,645,40,106,96,33,0.116279069,0.262015503,0.292418773,0.329512893,0.279783393,0.374223602,0.572202166,0.401182142731538,0.37117157701046166,157.29308291620458,5.882516771554947,50.4933931378457,23.1447491645813,9.630502060001,"Pete Crow-Armstrong",27769,691718
"Bobby Witt Jr.","KCR",125,553,17,82,51,38,0.106690777,0.171790235,0.170081967,0.321052631,0.284836065,0.361663652,0.454918032,0.35302989209463836,0.3851993136935764,124.88508258824402,7.346468187868595,23.303839606769763,21.25441884994507,6.5308073482947595,"Bobby Witt Jr.",25764,677951
"Yordan Alvarez","HOU",142,623,38,94,95,1,0.158908507,0.174959871,0.284872299,0.332425068,0.314341846,0.431781701,0.599214145,0.42701638550371734,0.44716412426053165,179.90580675961883,-4.525328549556434,53.19961584904898,-16.23734951019287,6.009515302286513,"Yordan Alvarez",19556,670541
"Elly De La Cruz","CIN",124,556,23,86,66,24,0.10971223,0.271582733,0.212244898,0.357366771,0.279591836,0.35971223,0.491836734,0.36965912441126736,0.36765626225158243,131.84190388037013,2.4876585132442415,23.860027661252975,8.726951599121094,5.155794008764328,"Elly De La Cruz",26668,682829
"Ezequiel Duran","TEX",135,524,17,65,78,11,0.078244274,0.232824427,0.179704017,0.336283185,0.276955602,0.336520076,0.456659619,0.3449057291616217,0.30660552978515626,123.72564718281176,0.9499764111824334,15.366033410225503,16.01115596294403,5.08393714172433,"Ezequiel Duran",23733,677649
"Otto Lopez","MIA",140,608,10,84,63,30,0.052631578,0.128289473,0.1375,0.329192546,0.301785714,0.338815789,0.439285714,0.3375381383260614,0.3239159702269499,111.67582601171621,5.557498494628817,14.127285778324419,14.59748649597168,4.934288476330293,"Otto Lopez",19608,672640
"Dillon Dingler","DET",132,555,26,66,83,0,0.057657657,0.223423423,0.21314741,0.275280898,0.247011952,0.309222423,0.460159362,0.3337211788886279,0.343036492377141,113.31106200866054,0.2499351529404521,8.816423444530951,18.846543788909912,4.817406597607784,"Dillon Dingler",27464,693307
"Miguel Vargas","CHW",141,623,30,95,79,16,0.139646869,0.174959871,0.233269598,0.262210796,0.252390057,0.363344051,0.485659655,0.3671715022872294,0.38487010428575963,137.38825598502677,1.703257530927658,28.71299669029976,-5.043441206216812,4.655791685435867,"Miguel Vargas",20178,678246
"Junior Caminero","TBR",143,625,38,87,92,3,0.1152,0.1856,0.250457038,0.29040404,0.279707495,0.3648,0.530164533,0.37993014296349653,0.36234580354737533,145.51971333391577,-2.5696961749345064,30.4198751056091,-7.167255163192749,4.620539169279009,"Junior Caminero",28163,691406
"Kevin McGonigle","DET",138,622,14,87,59,12,0.136655948,0.136655948,0.13747646,0.298850574,0.27118644,0.372990353,0.4086629,0.34895518369336825,0.34973215903005295,123.91822919590349,2.9666047343052924,20.217694849763753,2.7505288124084473,4.580764367524077,"Kevin McGonigle",33572,805808
"Alex Bregman","CHC",141,644,24,84,81,3,0.107142857,0.152173913,0.182468694,0.273137697,0.259391771,0.347826086,0.441860465,0.345994138179167,0.31844200098570347,120.38272087119176,-0.03953431500121951,15.806729160985526,7.292967855930328,4.480385590897655,"Alex Bregman",17678,608324
"Gabriel Moreno","ARI",113,473,12,59,69,5,0.112050739,0.152219873,0.16953317,0.331325301,0.299754299,0.378435517,0.469287469,0.36932876057151004,0.36542244769157245,133.36682927697353,-1.0614754189737141,17.991154343982746,10.059572458267212,4.419573183293355,"Gabriel Moreno",22664,672515
"JJ Wetherholt","STL",130,586,17,88,48,14,0.107508532,0.16211604,0.128712871,0.265822784,0.241584158,0.343003412,0.370297029,0.32158981988283053,0.3509570680815598,103.85326689156929,3.458383698016405,6.184256303656193,17.73313879966736,4.3720143548670025,"JJ Wetherholt",34985,802139
"Brice Turang","MIL",133,604,17,86,85,18,0.125827814,0.253311258,0.16923077,0.329545454,0.25576923,0.350584307,0.425,0.3414044146169752,0.3356672418861325,116.64320638198119,1.335380194708705,13.47074357771949,9.449819326400757,4.329973525794074,"Brice Turang",22186,668930
"Corbin Carroll","ARI",140,606,19,84,61,21,0.113861386,0.219471947,0.227099236,0.283819628,0.240458015,0.334983498,0.467557251,0.3459168895955505,0.3439188656305431,117.70870500009806,8.640774733852595,21.59580033850637,0.4290189743041992,4.245359863019348,"Corbin Carroll",25878,682998
"Randy Arozarena","SEA",136,589,22,92,66,21,0.100169779,0.217317487,0.19009901,0.324022346,0.273267326,0.371816638,0.463366336,0.36798104375651414,0.3484101846915524,144.74218853023126,0.7666524089872837,31.324985058808206,-10.575459003448486,4.2358810584508415,"Randy Arozarena",19290,668227
"Luis Arraez","- - -",135,588,6,64,57,10,0.047619047,0.042517006,0.113382899,0.317919075,0.317843866,0.34879725,0.431226765,0.3366755407986756,0.30596918548267193,113.45147797820134,1.6046229847706854,11.15292569997128,10.59294804930687,4.157476066021886,"Luis Arraez",18568,650333
"James Wood","WSN",118,554,30,101,74,18,0.16967509,0.283393501,0.265486725,0.338289962,0.267699115,0.395306859,0.53318584,0.3956195063450757,0.4168254648563392,149.60574783104485,1.8068869886919856,34.98262663397059,-12.504418849945068,4.119712871070384,"James Wood",29518,695578
"Fernando Tatis Jr.","SDP",141,621,20,81,71,31,0.088566827,0.183574879,0.167870036,0.316901408,0.279783393,0.346774193,0.447653429,0.34463488929639985,0.37453523961509144,121.48900142470156,1.231643873732537,17.341315315568117,2.6180028915405273,4.084573594778865,"Fernando Tatis Jr.",19709,665487
"Seiya Suzuki","CHC",126,559,24,86,80,3,0.128801431,0.243291592,0.210416667,0.328173374,0.270833333,0.368515205,0.48125,0.3689399461488466,0.3387958237410452,135.72913693471344,-3.358894386794418,20.75199228155471,0.7480049133300781,4.036613491461934,"Seiya Suzuki",30116,673548
"Andy Pages","LAD",128,550,21,72,80,12,0.081818181,0.194545454,0.186612576,0.305405405,0.271805273,0.338181818,0.458417849,0.3464412772807484,0.3399412783985798,118.95958960013972,-1.0455139125697315,11.542884224859261,9.323998093605042,3.9423993069633037,"Andy Pages",24816,681624
"Pete Alonso","BAL",144,623,33,86,94,5,0.11235955,0.242375601,0.228200371,0.308333333,0.26716141,0.357945425,0.495361781,0.3678968548774719,0.39171974380295,139.94869973392866,-3.3317614677362144,25.52767396572207,-8.924270868301392,3.93617794595131,"Pete Alonso",19251,624413
"Willson Contreras","BOS",125,517,26,66,79,3,0.11025145,0.253384912,0.241935484,0.332142857,0.274193548,0.38372093,0.516129032,0.3900443133445102,0.3736012876033783,150.14284978432966,-3.3996462067589164,26.660887832309328,-6.616522789001465,3.9045794425525555,"Willson Contreras",11609,575929
"Ceddanne Rafaela","BOS",135,569,16,67,70,17,0.036906854,0.202108963,0.160747664,0.331695331,0.28224299,0.317460317,0.442990654,0.3300485299248577,0.28188085046951455,108.36885053602636,0.3128758817911148,5.83460648124987,12.332720398902893,3.9008309766150235,"Ceddanne Rafaela",24262,678882
"Brandon Lowe","PIT",134,587,29,84,83,2,0.091993185,0.291311754,0.223282443,0.317220543,0.25572519,0.323679727,0.479007633,0.34560410490215027,0.3227457943125668,114.83005062605406,0.33701077615842223,10.845967002315206,8.32328999042511,3.8917703613111323,"Brandon Lowe",18882,664040
"Shohei Ohtani","LAD",133,592,30,89,80,11,0.133445945,0.239864864,0.246492986,0.328313253,0.278557114,0.381355932,0.5250501,0.38287234036349255,0.4009984378848101,143.3250969051328,1.7619730262085795,32.724763769972846,-13.827159881591797,3.8806264740218275,"Shohei Ohtani",19755,660271
"Michael Harris II","ATL",137,546,24,67,80,10,0.036630036,0.199633699,0.204238921,0.326478149,0.290944123,0.318014705,0.495183044,0.3491747123540875,0.3415478639497088,120.42875347002304,-0.8912540399469435,12.573963011438616,7.739312291145325,3.872803307840153,"Michael Harris II",25931,671739
"Geraldo Perdomo","ARI",139,598,9,64,48,20,0.137123745,0.123745819,0.114688129,0.275534441,0.251509054,0.358714043,0.366197183,0.3275191286695387,0.3277429593663637,105.40407427273992,-0.6999843022786081,3.20124377727411,14.937488079071045,3.8231686613479186,"Geraldo Perdomo",22799,672695
"Max Muncy","LAD",131,490,26,71,68,2,0.122448979,0.251020408,0.237647059,0.288808664,0.249411764,0.346938775,0.487058823,0.36022158341152677,0.3490244547526042,128.17601430155224,0.493013652972877,17.159900511986987,4.328884840011597,3.8074799355249396,"Max Muncy",13301,571970
"Chase Meidroth","CHW",137,576,12,78,51,3,0.095486111,0.220486111,0.124260355,0.336927223,0.270216962,0.345614035,0.394477317,0.3297910761414913,0.29347851756604737,111.36092865118916,-0.052072309888899326,7.5360347864485275,7.255788326263428,3.58229924395908,"Chase Meidroth",31580,805367
"Isaac Paredes","HOU",137,582,18,58,79,0,0.104810996,0.130584192,0.162977867,0.269607843,0.257545271,0.357388316,0.420523138,0.3458617282487273,0.3187748673460438,123.39925916687957,-1.8270028214901686,13.96445512958851,0.44724470376968384,3.565211690696923,"Isaac Paredes",20036,670623
"Matt Olson","ATL",143,621,37,94,80,4,0.096618357,0.257648953,0.25945946,0.279778393,0.248648648,0.323671497,0.508108108,0.3549408864278298,0.35335976205221037,124.28523595027698,0.1183789698407054,18.324305076611836,-3.812657356262207,3.5297853145464817,"Matt Olson",14344,621566
"Wilyer Abreu","BOS",140,612,23,78,70,8,0.104575163,0.204248366,0.207476635,0.289340101,0.256074766,0.334975369,0.463551401,0.3447160215267647,0.34655083270112347,118.58156463406166,-1.123832443729043,12.062707007770229,0.2786860466003418,3.462492733177533,"Wilyer Abreu",23772,677800
"Ben Rice","NYY",137,591,36,89,88,3,0.120135363,0.247038917,0.265107212,0.291291291,0.259259259,0.353637901,0.524366471,0.37632244754284366,0.37566526757979146,143.67764015504218,-0.630621649324894,29.301932911385176,-16.657576084136963,3.4176623266804134,"Ben Rice",29576,700250
"Dansby Swanson","CHC",119,458,18,78,66,17,0.104803493,0.231441048,0.188585608,0.243816254,0.215880893,0.299781181,0.404466501,0.309365606673176,0.3057142753433026,95.885144449846,4.63730220682919,2.3622104320311457,16.227786540985107,3.406533344852671,"Dansby Swanson",18314,621020
"Bryce Harper","PHI",143,611,27,85,80,7,0.163666121,0.209492635,0.22862823,0.309859154,0.272365805,0.389525368,0.500994035,0.3853359479261072,0.39196496260793584,141.09622136185018,-3.549250732641667,26.763262843046988,-13.557398080825806,3.3637626908796783,"Bryce Harper",11579,547180
"Jazz Chisholm Jr.","NYY",133,516,19,68,55,40,0.104651162,0.296511627,0.172866521,0.297577854,0.229759299,0.310077519,0.40262582,0.31175727500320644,0.2947418212890625,98.72205635556651,5.801810189615935,5.037167501366712,9.707851886749268,3.361292490866849,"Jazz Chisholm Jr.",20454,665862
"Jake Bauers","MIL",129,518,24,82,78,10,0.166023166,0.254826254,0.223004695,0.334558823,0.269953051,0.395752895,0.492957746,0.38692598305787557,0.3773449371277935,147.08854655397474,1.7964592557400465,31.242295568577976,-15.362695217132568,3.328761480872261,"Jake Bauers",15194,641343
"Cody Bellinger","NYY",116,494,12,62,62,10,0.113360323,0.159919028,0.148148149,0.293948126,0.263888888,0.344129554,0.412037037,0.33363492599865685,0.34068776925081146,113.95507648043119,0.324011264834553,8.317866991591163,6.57839822769165,3.2974071935952103,"Cody Bellinger",15998,641355
"Freddie Freeman","LAD",138,592,16,71,66,6,0.108108108,0.167229729,0.158301158,0.342298288,0.301158301,0.378378378,0.459459459,0.36597901785110576,0.3722631825521944,132.02665161556538,-1.003238731995225,21.88498502356918,-8.738804459571838,3.294904143205602,"Freddie Freeman",5361,518692
"Jackson Chourio","MIL",109,495,21,78,59,15,0.078787878,0.236363636,0.192477876,0.335443037,0.280973451,0.339393939,0.473451327,0.35010344057667014,0.33295274953373144,122.46121339665068,0.7633171258494258,14.185317947862899,1.8118844032287598,3.2647407659442185,"Jackson Chourio",28806,694192
"CJ Abrams","WSN",136,588,30,84,95,28,0.088435374,0.244897959,0.235521236,0.305714285,0.264478764,0.341836734,0.5,0.36157860501199707,0.3290066915015652,126.83880775532306,3.311619976069778,22.36269089765817,-9.517438888549805,3.251040803421137,"CJ Abrams",25768,682928
"Bryson Stott","PHI",136,534,10,61,61,24,0.097378277,0.170411985,0.145569621,0.292553191,0.253164556,0.327683615,0.398734177,0.3210516849255607,0.32657457434612774,98.1021787181204,7.4708959511481225,6.2474763969267535,8.210741519927979,3.23687619283284,"Bryson Stott",26294,681082
"Rafael Devers","SFG",144,615,35,85,91,0,0.107317073,0.256910569,0.259668508,0.296610169,0.257826887,0.338211382,0.517495395,0.36444009094206964,0.3388593444321458,133.2050127869305,-0.5792015176266432,24.07310822599117,-12.464665114879608,3.2142989106364928,"Rafael Devers",17350,646240
"Gunnar Henderson","BAL",143,638,22,83,57,10,0.094043887,0.217868338,0.178130512,0.25245098,0.220458553,0.304075235,0.398589065,0.3086589186210332,0.31520580381859004,98.7023760158368,3.1229512183927,2.1629612855499047,6.280000329017639,3.159182374281217,"Gunnar Henderson",26289,683002
"Chase DeLauter","CLE",120,499,13,56,60,10,0.102204408,0.148296593,0.164044944,0.326869806,0.294382022,0.364729458,0.458426966,0.36041836545080363,0.3426445238517992,132.98303449675194,0.11184170562773943,19.19667147646853,-6.190646171569824,3.1229260455623202,"Chase DeLauter",32127,800050
"Jordan Walker","STL",140,601,28,90,100,19,0.073211314,0.252911813,0.21129326,0.343163538,0.284153005,0.339434276,0.495446265,0.36034393360217415,0.3473975626627604,129.77245675387272,1.8905691015534103,23.49127745767724,-12.694656372070312,3.0853641304155426,"Jordan Walker",27475,691023
"Colson Montgomery","CHW",135,571,31,67,82,1,0.084063047,0.345008756,0.225490196,0.27112676,0.211764705,0.292469352,0.437254901,0.31643946867593575,0.3057215264502992,102.06444132426383,-2.422398064751178,-1.0555010720537068,11.134886264801025,3.084366689740662,"Colson Montgomery",29712,695657
"Zach Neto","LAA",138,616,23,89,67,19,0.089285714,0.310064935,0.190909091,0.320474777,0.238181818,0.318181818,0.429090909,0.32771279637406514,0.3045993270625509,110.35430036200442,-1.1017011944204569,6.294327835748871,1.7424349784851074,3.0385271697278196,"Zach Neto",31347,687263
"Brayan Rocchio","CLE",137,530,13,55,60,18,0.06226415,0.145283018,0.131524008,0.267175572,0.246346555,0.30608365,0.377870563,0.30288806874942414,0.2911838516878442,92.9257098953222,-0.0778984958305955,-4.425561473633136,15.322945594787598,3.0199071344473523,"Brayan Rocchio",23690,677587
"Carson Benge","NYM",137,566,16,71,54,20,0.070671378,0.217314487,0.140655106,0.333333333,0.275529865,0.333922261,0.416184971,0.33037939272095673,0.33562886991177865,109.52227566367279,3.05702908616513,9.563358223059705,1.634286880493164,3.0105562460919044,"Carson Benge",35177,701807
"Yandy Díaz","TBR",138,615,21,83,77,3,0.084552845,0.141463414,0.162408759,0.328089887,0.304744525,0.372357723,0.467153284,0.36466930398017117,0.3575115582800859,134.893861984351,-2.2168032634072006,22.6672596506546,-14.9074068069458,3.006722779780479,"Yandy Diaz",16578,650490
"Mike Trout","LAA",124,553,20,76,51,11,0.160940325,0.256781193,0.18141593,0.308219178,0.243362831,0.376811594,0.424778761,0.35183742119071665,0.3752350816036642,127.15184848146586,-0.8461762950755656,16.564741647112044,-7.136500835418701,2.9531823577256664,"Mike Trout",10155,545361
"Steven Kwan","CLE",134,559,2,70,27,9,0.130590339,0.10017889,0.061181435,0.303102625,0.272151898,0.371841155,0.333333333,0.3233989386618892,0.32165007599933115,107.20706460840523,0.3349965689703822,5.006614956792989,3.444653272628784,2.875311943398676,"Steven Kwan",24610,680757
"Bryan Reynolds","PIT",144,627,16,96,67,9,0.130781499,0.232854864,0.161350844,0.337801608,0.26641651,0.373205741,0.427767354,0.3549554859025356,0.3600277778429863,121.08436007508541,1.408159954007715,17.36720179790868,-9.738744735717773,2.848629683430688,"Bryan Reynolds",19326,668804
"William Contreras","MIL",132,573,14,73,74,1,0.092495636,0.143106457,0.135559922,0.295238095,0.271119842,0.340314136,0.406679764,0.3273020709336118,0.3332891749162456,107.2113993206806,-2.786461577285081,2.201843596278091,7.089684754610062,2.8395677820087566,"William Contreras",20503,661388
"Kyle Schwarber","PHI",137,614,42,85,86,3,0.146579804,0.324104234,0.283757339,0.29347826,0.2407045,0.35725938,0.524461839,0.3760951026856801,0.36740742833161155,134.91583948008773,-2.7300316016189754,23.15029231024896,-15.210864782333374,2.8373438071519717,"Kyle Schwarber",16478,656941
"Carter Jensen","KCR",133,533,22,67,67,2,0.108818011,0.281425891,0.21030043,0.283333333,0.229613733,0.315196998,0.439914163,0.3281837397051933,0.3039621759044698,107.5851476248159,0.5325563228689134,5.220564737852602,3.4390538334846497,2.8028261246093247,"Carter Jensen",29478,695600
"Riley Greene","DET",122,515,18,69,62,3,0.120388349,0.27184466,0.191441442,0.357388316,0.274774774,0.365048543,0.466216216,0.3608638311785495,0.36934941062255383,132.21000909674424,-0.4315621517598629,18.80357168569082,-9.907669067382812,2.7620170993625752,"Riley Greene",25976,682985
"Jackson Merrill","SDP",140,587,22,72,70,24,0.064735945,0.241908006,0.174074074,0.28042328,0.237037037,0.289879931,0.411111111,0.3041439642166269,0.337774747805686,94.40821246786113,6.132925673853606,2.170440859541661,5.880640983581543,2.759500469883069,"Jackson Merrill",29490,701538
"Garrett Mitchell","MIL",128,464,9,61,56,12,0.114224137,0.314655172,0.153465347,0.388,0.262376237,0.354211663,0.415841584,0.34041563445730477,0.35021366938593074,115.9818990204924,1.6071383850649,10.559244284248908,1.3797713443636894,2.7490258044474367,"Garrett Mitchell",27555,669003
"Drake Baldwin","ATL",120,532,22,75,69,3,0.093984962,0.216165413,0.172995781,0.325443786,0.278481012,0.355263157,0.451476793,0.35398672650445184,0.3652813029739092,123.64708299464151,-1.4689190774224699,13.717943254462579,-4.320837005972862,2.7148464301029014,"Drake Baldwin",31539,686948
"Jonathan Aranda","TBR",139,606,19,68,86,0,0.102310231,0.234323432,0.152091255,0.343163538,0.27946768,0.361386138,0.431558935,0.348189127287066,0.34968556705022696,123.41900742708603,-3.7476586708799005,12.708870518777829,-7.500859498977661,2.7144083286715963,"Jonathan Aranda",21837,666018
"Luis García Jr.","- - -",133,486,28,62,88,5,0.047325102,0.170781893,0.25813449,0.292613636,0.284164859,0.316872427,0.542299349,0.36624186237653095,0.3486183750950278,131.40226016627844,-1.269182413816452,17.01740336509838,-6.899176090955734,2.6698655369810242,"Luis Garcia Jr.",20391,671277
"Nico Hoerner","CHC",141,615,8,56,64,22,0.066666666,0.087804878,0.094812164,0.27920792,0.266547406,0.320325203,0.36135957,0.30310942622704234,0.32415182110525775,91.70094016199948,3.656193104106933,-2.5052559222802477,8.693410873413086,2.6622992340871194,"Nico Hoerner",21479,663538
"Jake McCarthy","COL",128,515,15,71,75,29,0.054368932,0.161165048,0.191082803,0.325396825,0.29299363,0.337254901,0.484076433,0.35347403770345603,0.3219838480311116,110.5347783223727,6.973489462863654,13.523039714776324,-4.307220101356506,2.6402124021003166,"Jake McCarthy",21622,664983
"Sal Stewart","CIN",143,621,31,80,107,15,0.095008051,0.21095008,0.214936248,0.292929292,0.267759562,0.338164251,0.48269581,0.35187410050398343,0.3512900901946011,119.94707860590103,-1.8236769228242338,13.130060396777445,-7.649456828832626,2.6100678929084893,"Sal Stewart",31505,701398
"Liam Hicks","- - -",127,502,17,62,76,3,0.099601593,0.095617529,0.152073732,0.287234042,0.288018433,0.369261477,0.440092165,0.3547415744109326,0.31608749929100577,124.22724523918103,-5.605315939057618,8.885409111673868,0.17568820156157017,2.6093798013672673,"Liam Hicks",29844,689414
"Alec Burleson","STL",143,605,21,79,103,4,0.079338842,0.170247933,0.180987203,0.31381733,0.283363802,0.345454545,0.464351005,0.35075152416197514,0.37268244425455727,123.35694475641036,-0.6239444850943983,16.43492538896697,-10.54539684113115,2.5988449750704556,"Alec Burleson",27615,676475
"Mookie Betts","LAD",106,452,18,57,58,1,0.077433628,0.112831858,0.176328503,0.242774566,0.246376811,0.307522123,0.422705314,0.3175014841529999,0.3302812470094133,99.6043284248726,-0.6396039673127234,-0.8555037150331384,11.571853637695312,2.584859347437674,"Mookie Betts",13611,605141
"TJ Rumfield","COL",139,565,15,61,67,0,0.115044247,0.138053097,0.161554192,0.329145728,0.298568507,0.38938053,0.460122699,0.3749804960942901,0.33410938283338903,124.91854109745906,-5.331988991238177,11.664135682267919,-5.124660968780518,2.532866067767494,"TJ Rumfield",29805,681198
"Munetaka Murakami","CHW",108,474,30,73,62,1,0.17299578,0.343881856,0.267352185,0.26395939,0.210796915,0.35021097,0.4781491,0.35653415565327,0.3469791083500303,129.981660305081,-1.571002601645887,14.908008900708687,-6.9011722803115845,2.5237108297683717,"Munetaka Murakami",37120,808959
"Andrés Giménez","TOR",133,454,8,35,52,20,0.033039647,0.191629955,0.110047847,0.283536585,0.241626794,0.287610619,0.351674641,0.28139555520481535,0.26910126819907954,78.36719613858358,0.8575664660893381,-10.530914531269783,18.82551145553589,2.480936113633028,"Andres Gimenez",19950,665926
"Caleb Durbin","BOS",136,519,12,67,62,17,0.082851637,0.138728323,0.13215859,0.267379679,0.246696035,0.325536062,0.378854625,0.31366789946332574,0.28919522154564953,96.96330825315611,1.8107912740670145,-0.016741621189074962,5.94945228099823,2.4746629993111258,"Caleb Durbin",29646,702332
"Brooks Lee","MIN",137,551,23,63,79,7,0.059891107,0.159709618,0.189453125,0.260545905,0.25,0.298181818,0.439453125,0.32030343554236673,0.27552892511541194,104.58419065461626,-0.7594525571912527,2.169493722354458,2.3434518575668335,2.445402921456528,"Brooks Lee",31595,686797
"Hunter Goodman","COL",123,509,36,77,76,5,0.082514734,0.326129666,0.279475983,0.3,0.248908296,0.316306483,0.528384279,0.3587622468179394,0.32476685539124506,114.071592428418,-3.0496840556152165,5.596806634329322,1.6845651268959045,2.4233837449299624,"Hunter Goodman",29715,696100
"Kazuma Okamoto","TOR",138,564,28,73,81,1,0.085106382,0.29787234,0.211045365,0.28343949,0.23076923,0.303191489,0.441814595,0.3246282343323349,0.3172673705621814,108.4693433635427,-2.417936999350786,3.1209943225179124,0.3685072660446167,2.3880279130308937,"Kazuma Okamoto",37123,672960
"Ian Happ","CHC",138,577,23,81,64,4,0.123050259,0.305025996,0.195171026,0.290969899,0.221327967,0.326388888,0.416498993,0.32729034825353304,0.31312723760004646,107.87341448534684,-1.6386776231229305,3.845579098967143,0.848630428314209,2.384595840570996,"Ian Happ",17919,664023
"Jac Caglianone","KCR",131,510,23,66,70,6,0.058823529,0.256862745,0.210970465,0.345794392,0.282700421,0.331372549,0.493670886,0.35556604155874627,0.35666567710259495,126.65095845098881,1.5474112904630601,17.308279744189427,-12.019508361816406,2.3766484742313927,"Jac Caglianone",35041,695506
"Masyn Winn","STL",122,490,5,49,51,10,0.089795918,0.214285714,0.087962963,0.29787234,0.238425925,0.314285714,0.326388888,0.2894003321929854,0.29947424716636784,82.32457321415635,1.4497651755809784,-9.005735565991774,15.811970233917236,2.312215663715457,"Masyn Winn",27479,691026
"Ketel Marte","ARI",123,540,22,67,68,4,0.079629629,0.148148148,0.197125256,0.257069408,0.250513347,0.316666666,0.447638603,0.33051087159240267,0.34897776400105335,107.40498579915187,0.18601712165400386,5.013234296339927,-0.009559154510498047,2.2938552337285665,"Ketel Marte",13613,606466
"Manny Machado","SDP",139,594,26,71,77,5,0.116161616,0.213804713,0.19223301,0.237837837,0.221359223,0.310286677,0.413592233,0.3157282553486905,0.33583390631643284,102.15591748432973,-4.863147650845349,-3.3171905877501664,6.229636952280998,2.259313771594073,"Manny Machado",11493,592518
"José Ramírez","CLE",109,471,11,62,48,31,0.118895966,0.129511677,0.14074074,0.250737463,0.237037037,0.329787234,0.377777777,0.30921292472711376,0.3348891781622831,97.32959486519637,5.656791128218174,4.1983288616865275,1.05828058719635,2.2328169335607417,"Jose Ramirez",13510,608070
"Xavier Edwards","MIA",137,574,6,59,51,20,0.113240418,0.134146341,0.094,0.319148936,0.282,0.360770577,0.376,0.3274171143192042,0.3133263241928236,104.90677060938032,2.092071729246527,5.492131062683664,-2.399972081184387,2.2115310582851606,"Xavier Edwards",22266,669364
"Chandler Simpson","TBR",135,548,0,57,31,39,0.04379562,0.082116788,0.05108055,0.334042553,0.308447937,0.33580705,0.359528487,0.30720942381589383,0.2613734481926251,94.8855671680213,5.949429392814636,2.69949066012117,-0.40128469467163086,2.2090428340722323,"Chandler Simpson",31912,802415
"Kody Clemens","MIN",126,509,24,66,71,8,0.066797642,0.223968565,0.226781857,0.262195121,0.237580993,0.297830374,0.46436285,0.3279938577663286,0.3386708214169457,109.93889516702848,1.479148795362562,7.345296961000824,-4.1843103766441345,2.156351835172245,"Kody Clemens",20572,665019
"Dominic Canzone","SEA",128,452,21,50,64,2,0.088495575,0.214601769,0.222222222,0.283737024,0.254320987,0.327433628,0.476543209,0.3471218070718977,0.3547981431749132,130.21827221617383,-0.9660497587174177,14.872127524966825,-9.808557093143463,2.144681838368549,"Dominic Canzone",26438,686527
"Luke Keaschall","MIN",134,540,9,69,44,16,0.092592592,0.15,0.114470842,0.310526315,0.274298056,0.363636363,0.388768898,0.33681980872242867,0.31368463430831683,116.0842481833692,3.0175975528545678,13.089039679751675,-11.35018977895379,2.1232462295619685,"Luke Keaschall",33321,807712
"Julio Rodríguez","SEA",133,579,20,65,61,20,0.07253886,0.227979274,0.15340909,0.281578947,0.240530303,0.300518134,0.393939393,0.304426053884331,0.3345622221628825,100.48997699436461,3.164205556269735,3.4931718402034333,-3.519985556602478,2.083988035299531,"Julio Rodriguez",23697,677594
"Nick Gonzales","PIT",134,556,6,67,59,7,0.070143884,0.161870503,0.087301587,0.36185819,0.305555555,0.368705035,0.392857142,0.3411490277206297,0.3267645439946695,111.85044458589812,0.22821305599063635,8.182262449813893,-6.288680791854858,2.0299923818631993,"Nick Gonzales",27490,693304
"Brandon Nimmo","TEX",138,584,14,56,58,7,0.078767123,0.210616438,0.15370019,0.317258883,0.263757115,0.328767123,0.417457305,0.3267504502203047,0.35298752907836706,111.08444865820206,1.1120186322368681,8.618286856969718,-9.358907461166382,2.0293142906723465,"Brandon Nimmo",12927,607043
"Sam Antonacci","CHW",123,493,8,72,43,17,0.085192697,0.156186612,0.125592417,0.310650887,0.267772511,0.367346938,0.393364928,0.3430866444597439,0.3409127094706551,120.6183969143758,1.8688579061999917,13.655740318781023,-11.264883518218994,2.0202580933926533,"Sam Antonacci",35101,803011
"Daylen Lile","WSN",143,592,20,75,82,14,0.064189189,0.192567567,0.186003683,0.287439613,0.255985267,0.309121621,0.44198895,0.3244827345266181,0.33021052354047087,102.02866973536781,1.7686922433786094,3.2185049614422723,-2.746957778930664,2.0041252546179735,"Daylen Lile",29995,695734
"Cal Raleigh","SEA",109,454,21,40,59,2,0.134361233,0.31277533,0.193798449,0.220264317,0.183462532,0.297356828,0.377260981,0.3013628093681672,0.3158375744252478,98.35709420124348,-1.216987525112927,-2.081887035571696,5.599647581577301,1.9944652733558887,"Cal Raleigh",21534,663728
"Cole Young","SEA",143,573,16,68,58,3,0.066317626,0.172774869,0.136801542,0.272727272,0.244701348,0.309440559,0.38150289,0.3065623751470259,0.31554236778846156,101.97745957622747,-1.2061663991771638,0.1077247049783221,-1.6925303936004639,1.9036988144106193,"Cole Young",31680,702284
"Michael Busch","CHC",142,637,18,65,70,2,0.124018838,0.23076923,0.15498155,0.28871391,0.236162361,0.343799058,0.391143911,0.32882969240722415,0.32786865234375,108.90294527714592,-3.321185464039445,3.5250524060702837,-5.721877098083496,1.881069748475397,"Michael Busch",26319,683737
"Travis Bazzana","CLE",107,449,10,44,47,18,0.109131403,0.20935412,0.136246786,0.293103448,0.244215938,0.334075723,0.380462724,0.3181875305516379,0.2992843148954246,103.57845362823879,2.59327772539109,4.456389329084622,-2.2751320004463196,1.840336371062288,"Travis Bazzana",34967,683953
"Nolan Arenado","ARI",134,523,22,66,67,4,0.084130019,0.20458891,0.190170941,0.254385964,0.232905982,0.306513409,0.423076923,0.3182876500945825,0.2834298606093449,99.22995692285338,-2.5385136445984244,-3.0246919302186557,4.08404928445816,1.8359958277150048,"Nolan Arenado",9777,571448
"Bo Bichette","NYM",141,605,16,70,71,2,0.066115702,0.181818181,0.136690647,0.299771167,0.264388489,0.312396694,0.401079136,0.31265885416141226,0.32635586467010297,97.67057891959664,-2.1348592811264098,-3.836164460674375,2.1057798266410828,1.822836488513798,"Bo Bichette",19612,666182
"Mauricio Dubón","ATL",135,544,11,60,66,7,0.056985294,0.121323529,0.122772277,0.288372093,0.267326732,0.311111111,0.390099009,0.30881683241437985,0.3018530523023641,93.43694660862111,-0.6832669293507934,-4.993330593624517,4.902240812778473,1.7882236082145757,"Mauricio Dubon",16530,643289
"Kyle Stowers","MIA",106,447,19,50,60,1,0.10067114,0.319910514,0.227621483,0.337662337,0.248081841,0.336322869,0.475703324,0.35058145302413013,0.33568936384558407,120.3993425018965,-0.18703706376254559,10.820813902467775,-8.292766451835632,1.7344452134635309,"Kyle Stowers",26151,669065
"Nolan Schanuel","LAA",107,446,7,43,49,1,0.094170403,0.130044843,0.109693877,0.304216867,0.275510204,0.350561797,0.385204081,0.328437358609746,0.3344961787877458,110.85880018788326,-1.2322055068798363,4.3836229917022695,-3.377384662628174,1.7098609573690187,"Nolan Schanuel",33189,694384
"Iván Herrera","STL",143,642,16,89,64,8,0.107476635,0.18224299,0.138376383,0.2905569,0.250922509,0.361370716,0.389298892,0.33598635868524646,0.3324245984041238,113.48183497809954,-2.716721973847598,7.73199301899451,-12.425385236740112,1.6433415902581756,"Ivan Herrera",20599,671056
"Xander Bogaerts","SDP",136,538,11,52,52,20,0.122676579,0.178438661,0.101511879,0.249307479,0.218142548,0.317843866,0.319654427,0.2901024698321499,0.3202440208363756,85.01710210632885,1.7595259621739388,-7.971462188624885,6.250126302242279,1.602374718319481,"Xander Bogaerts",12161,593428
"Jake Burger","TEX",137,545,25,60,82,3,0.080733944,0.266055045,0.194331984,0.284403669,0.238866396,0.304587155,0.43319838,0.3220282040604758,0.3168192770380122,107.79643246294428,-0.7964096255600452,4.13066975591196,-7.828746557235718,1.5875721150538895,"Jake Burger",22275,669394
"JJ Bleday","CIN",115,480,22,54,55,6,0.1375,0.214583333,0.208845209,0.235087719,0.218673218,0.329853862,0.427518427,0.33331467816021654,0.34602439478824015,107.53432689271546,-0.595046010799706,3.7707611074115155,-3.9973756074905396,1.5629512266759797,"JJ Bleday",26368,668709
"Ozzie Albies","ATL",143,610,21,77,68,3,0.068852459,0.14262295,0.162408759,0.258278145,0.251824817,0.306557377,0.414233576,0.31300839649632645,0.284207859512203,96.24031210542405,-1.9428452239371836,-4.711446898571602,-0.2952158451080322,1.5057029596927536,"Ozzie Albies",16556,645277
"Tyler Soderstrom","ATH",109,453,19,58,56,2,0.116997792,0.200883002,0.227272728,0.271777003,0.244949494,0.337748344,0.472222222,0.34957274084367307,0.32729511986376186,117.17370183090978,-0.5468865614384413,8.474208439407327,-9.981191635131836,1.4791436554194006,"Tyler Soderstrom",27467,691016
"Christian Walker","HOU",139,567,24,64,77,0,0.079365079,0.234567901,0.194117647,0.259154929,0.22745098,0.301587301,0.421568627,0.3158130984390731,0.29999524681969025,102.47693150426815,-0.4973434959538281,1.1311806112211,-6.673259019851685,1.4790679353590448,"Christian Walker",13419,572233
"Ernie Clement","TOR",140,558,9,57,46,6,0.035842293,0.098566308,0.111111111,0.290254237,0.274952919,0.301075268,0.38606403,0.300545832375899,0.26514052659861703,91.70119427231913,-0.12831364572048187,-5.49797544222015,-2.3080739974975586,1.2160701146276334,"Ernie Clement",20352,676391
"Jose Altuve","HOU",117,496,15,64,44,4,0.078629032,0.203629032,0.153333334,0.284866468,0.246666666,0.309090909,0.4,0.3113231553963804,0.2751195479412468,99.35066384678255,-1.06116426223889,-1.4346279628597847,-4.331531405448914,1.2003632975169016,"Jose Altuve",5417,514888
"Cam Smith","HOU",140,501,17,57,50,10,0.073852295,0.253493013,0.175166297,0.252396166,0.21286031,0.278,0.388026607,0.2911725610494614,0.3168272329288229,85.32016261616896,3.9265645761042833,-4.601610481319101,-1.3702611923217773,1.1974336736632725,"Cam Smith",35108,701358
"Cedric Mullins","TBR",124,465,14,52,44,19,0.09032258,0.189247311,0.143564356,0.225490196,0.205445544,0.288840262,0.3490099,0.28535154677063423,0.2671039572877863,79.66631529374565,-0.8463454688899219,-11.810273445604118,6.925808072090149,1.1784304659470384,"Cedric Mullins",17929,656775
"Jung Hoo Lee","SFG",131,533,9,62,53,12,0.048780487,0.10131332,0.127016129,0.297482837,0.280241935,0.322701688,0.407258064,0.3202320864008247,0.31634538693535597,103.63819901752747,0.8261126629076898,3.167064666427857,-8.91942811012268,1.1753355674680184,"Jung Hoo Lee",33824,808982
"Jakob Marsee","MIA",138,545,9,70,32,22,0.132110091,0.209174311,0.118681319,0.261261261,0.21098901,0.333333333,0.329670329,0.3044352329064831,0.30733193054767516,89.53622821888465,-0.15985057316720486,-7.04421115729394,0.5325833559036255,1.1376631698290791,"Jakob Marsee",31370,805300
"George Springer","TOR",111,459,14,53,48,12,0.093681917,0.180827886,0.164215686,0.281150159,0.25,0.324561403,0.414215686,0.32562282733749925,0.3057022763971697,109.16186082196953,1.0689353006891906,5.945270053331008,-11.571825712919235,1.0812323010236853,"George Springer",12856,543807
"Taylor Ward","- - -",134,591,7,69,34,4,0.1607445,0.214890016,0.088477366,0.287323943,0.224279835,0.357021996,0.312757201,0.31129407032641165,0.3331586457598555,101.27575056183403,-4.193778031971306,-3.3194983510543956,-7.428113549947739,1.035434889551326,"Taylor Ward",17548,621493
"Josh Naylor","SEA",134,573,10,51,49,26,0.071553228,0.12739965,0.095419847,0.293453724,0.267175572,0.325174825,0.362595419,0.3055519151561918,0.31389094492325287,101.27389421727062,-3.4446176956407726,-2.5981992404528587,-7.68522310256958,1.0178356577044254,"Josh Naylor",18839,647304
"Daulton Varsho","- - -",129,485,10,47,38,12,0.080412371,0.197938144,0.130925508,0.266272189,0.225733634,0.290721649,0.356659142,0.28617260754725454,0.2906603526871644,81.7700116245435,1.3861304223537445,-8.86626306962878,1.3116459250450134,0.9785835205591337,"Daulton Varsho",19918,662139
"Austin Riley","ATL",141,561,16,57,66,9,0.07486631,0.31372549,0.144554455,0.30599369,0.223762376,0.294117647,0.368316831,0.29340357344065393,0.3004190172467913,83.12838456460126,-0.06258400296792388,-11.488693382848334,2.7098323702812195,0.9596368240997633,"Austin Riley",18360,663586
"Vladimir Guerrero Jr.","TOR",129,546,8,67,54,7,0.091575091,0.126373626,0.094650206,0.284337349,0.259259259,0.329670329,0.353909465,0.30309930603517404,0.33226839583814693,93.47913266470584,-1.232616628985852,-5.361143764122152,-5.416971683502197,0.8701482099332176,"Vladimir Guerrero Jr.",19611,665489
"Josh Bell","MIN",137,558,18,72,84,2,0.080645161,0.20250896,0.166666667,0.297082228,0.257936507,0.321364452,0.424603174,0.3268832780514414,0.3309878172951498,109.16561822104092,-3.6355970930308104,2.294927324315492,-13.997716784477234,0.8192278864294649,"Josh Bell",13145,605137
"Trea Turner","PHI",138,615,17,90,52,18,0.06504065,0.21300813,0.137323944,0.281323877,0.239436619,0.292682926,0.376760563,0.2947085999704728,0.2933570041718623,80.48362535745082,2.4628916420042515,-12.026598720426247,-0.43802547454833984,0.7627087046716836,"Trea Turner",16252,607208
"Willi Castro","COL",120,477,15,65,56,10,0.085953878,0.270440251,0.156908665,0.335664335,0.259953161,0.331236897,0.416861826,0.32991732878754976,0.30884309467516446,94.77978479203087,-1.6167005999013782,-4.622677471701779,-3.7127875089645386,0.7272369037432016,"Willi Castro",17338,650489
"Trent Grisham","NYY",121,484,18,67,59,9,0.126033057,0.183884297,0.184210527,0.222222222,0.210526315,0.308488612,0.394736842,0.3111778187949218,0.3372933162198522,98.318591281363,-2.1646360317245126,-3.1082965665353073,-7.030612468719482,0.711796407183788,"Trent Grisham",18564,663757
"Brandon Marsh","PHI",137,519,17,67,57,11,0.061657032,0.248554913,0.152083334,0.328402366,0.266666666,0.312741312,0.41875,0.31597456004884505,0.30617502331733704,94.70654013927884,1.2786497585475445,-2.0378947524396818,-8.498554229736328,0.6418672809803926,"Brandon Marsh",20202,669016
"Matt McLain","CIN",119,447,15,54,39,16,0.105145413,0.272930648,0.159383033,0.232283464,0.190231362,0.286036036,0.349614395,0.2846500822437536,0.30654348893599076,74.98689437327444,0.1328910207375884,-13.364629250613012,5.112425088882446,0.6365893011002963,"Matt McLain",29695,680574
"Isaac Collins","KCR",129,470,6,42,40,6,0.119148936,0.221276595,0.11662531,0.283783783,0.223325062,0.324786324,0.339950372,0.3017844919465546,0.29645401392227566,89.20381991864402,-3.2514690794050694,-9.135366787714123,-3.0839619636535645,0.4494713451452331,"Isaac Collins",25477,686555
"Willy Adames","SFG",121,505,21,62,51,5,0.073267326,0.275247524,0.193548387,0.281045751,0.230107526,0.28910891,0.423655913,0.31072670480992537,0.29575980655730716,97.2808922306304,-2.6381478854455054,-4.295812424523931,-8.222947597503662,0.39373043285192144,"Willy Adames",15986,642715
"Jeff McNeil","ATH",127,455,8,45,52,8,0.059340659,0.114285714,0.105515588,0.288088642,0.268585131,0.317880794,0.374100719,0.3058188667075824,0.3064896272714281,86.70865577114458,-1.605338575784117,-8.617912273133573,-3.808744490146637,0.3742970841013967,"Jeff McNeil",15362,643446
"Alec Bohm","PHI",136,555,15,54,80,2,0.068468468,0.144144144,0.143141153,0.263922518,0.246520874,0.308108108,0.389662027,0.3072148565781246,0.32184632561737114,88.8479513185066,-1.3358449819497764,-8.807666477066075,-5.676026880741119,0.3588339280697439,"Alec Bohm",21618,664761
"Ildemaro Vargas","ARI",127,448,9,55,66,3,0.051339285,0.100446428,0.131264917,0.261580381,0.250596658,0.29147982,0.381861575,0.2933900548262639,0.30030225520759685,82.57816342429037,0.7795195877552032,-8.642647417972345,-2.939481556415558,0.30077550362023586,"Ildemaro Vargas",13324,545121
"Spencer Torkelson","DET",140,544,22,56,66,0,0.106617647,0.314338235,0.189873418,0.29122807,0.221518987,0.313075506,0.411392405,0.3195772108452096,0.3099380718386041,103.46286807341407,-1.3516899067908525,0.8327091582531891,-17.42714500427246,0.2706087812321234,"Spencer Torkelson",27465,679529
"Jo Adell","- - -",141,581,20,58,84,4,0.0464716,0.240963855,0.159774436,0.281167108,0.236842105,0.292598967,0.396616541,0.3020474718562488,0.32440053092108834,92.46485743481679,0.405442098621279,-4.671062009071962,-13.30607807636261,0.26314298607716347,"Jo Adell",20220,666176
"Kyle Tucker","LAD",135,553,12,74,59,10,0.126582278,0.175406871,0.130526316,0.253369272,0.223157894,0.323688969,0.35368421,0.30473963678746985,0.3258253340287642,91.06906047225246,-0.19402885856106877,-6.156154560731046,-11.20643663406372,0.05903982763836624,"Kyle Tucker",18345,663656
"Jarren Duran","BOS",135,561,19,62,68,18,0.064171122,0.278074866,0.154598826,0.244897959,0.201565557,0.257602862,0.356164383,0.26701592455664985,0.2958453766476181,64.48036605950564,4.03774468973279,-19.06845267270625,-1.0493888854980469,-0.026945170903427962,"Jarren Duran",24617,680776
"Marcus Semien","NYM",123,478,14,45,44,10,0.081589958,0.20502092,0.127314815,0.24691358,0.217592592,0.283018867,0.344907407,0.27970062774182364,0.305628662109375,75.62774407938933,1.5001042657531798,-12.563689026683447,-3.630567193031311,-0.06979458709894415,"Marcus Semien",12533,543760
"Nasim Nuñez","WSN",133,464,1,51,35,45,0.096982758,0.206896551,0.034313726,0.271565495,0.210784313,0.289473684,0.245098039,0.2496867456979919,0.2659896783218215,52.00426588942888,4.825894014444202,-22.058451451384727,5.002584218978882,-0.20379985508945114,"Nasim Nunez",25979,683083
"Lawrence Butler","ATH",136,461,13,54,52,10,0.119305856,0.262472885,0.141791045,0.296296296,0.231343283,0.323913043,0.373134328,0.3114823626277234,0.3222501658767266,90.65204747012257,-1.230270710773766,-6.227330659960769,-13.990086078643799,-0.397486333746813,"Lawrence Butler",22542,671732
"Ezequiel Tovar","COL",131,458,10,46,41,7,0.058951965,0.257641921,0.121428572,0.263333333,0.211904761,0.258205689,0.333333333,0.2602955409421441,0.2761807598222528,48.21594512364061,1.7595042730681598,-26.871750428080777,4.635132789611816,-0.7512304852227825,"Ezequiel Tovar",24064,678662
"Salvador Perez","KCR",134,560,19,48,68,1,0.0375,0.192857142,0.156673114,0.246851385,0.226305609,0.270609318,0.382978723,0.28388046403583006,0.30902730818275065,76.73756302767697,-3.2786226482130587,-18.384305850942987,-11.029343128204346,-0.9772299678928476,"Salvador Perez",7304,521692