Name,Team,W,L,SV,G,GS,IP,K/9,BB/9,HR/9,BABIP,LOB%,GB%,HR/FB,vFA (pi),ERA,xERA,FIP,xFIP,WAR,NameASCII,PlayerId,MLBAMID
"Tarik Skubal","DET",13,6,0,31,31,195.1,11.104095852278252,1.520477855291213,0.8293515574315707,0.2727272727272727,0.80624187,0.409871244,0.100558659,97.70739994026285,2.2116041531508555,2.710346836848104,2.4491294744053644,2.663999807721626,6.636077404022217,"Tarik Skubal",22267,669373
"Paul Skenes","PIT",10,10,0,32,32,187.2,10.358792746226051,2.0142097006550657,0.5275311120763266,0.27292576419213976,0.82443654,0.443254817,0.06321839,98.23233492080479,1.966252326829945,2.6524270787352653,2.362489739913177,3.029963883239011,6.502514839172363,"Paul Skenes",33677,694973
"Cristopher Sánchez","PHI",13,5,0,32,32,202,9.445544554455445,1.9603960396039604,0.5346534653465347,0.29831144465290804,0.79823702,0.58302583,0.092307692,,2.495049504950495,3.0239149292162284,2.5509779023652035,2.7709091445597096,6.400233268737793,"Cristopher Sanchez",20778,650911
"Garrett Crochet","BOS",18,5,0,32,32,205.1,11.176948328809573,2.0162338161774134,1.051948078005607,0.29012345679012347,0.84257206,0.483101391,0.14117647,96.54952505506608,2.586039025097117,2.88012613853992,2.8867596886776856,2.643719180295724,5.780231475830078,"Garrett Crochet",27463,676979
"Logan Webb","SFG",15,11,0,34,34,207,9.73913043478261,2,0.6086956521739131,0.3462897526501767,0.74257426,0.532399299,0.098591549,92.74687801640927,3.217391304347826,3.5831788373531785,2.6037353520232127,2.782126572800144,5.528478622436523,"Logan Webb",17995,657277
"Jesús Luzardo","PHI",15,7,0,32,32,183.2,10.584392600744152,2.7931036029741514,0.7840290815366039,0.3240343347639485,0.69403715,0.427672955,0.09039548,96.37835043532338,3.9201454076830196,3.327402647237714,2.8955718766261582,3.2488633229737087,5.335048198699951,"Jesus Luzardo",19959,666200
"Yoshinobu Yamamoto","LAD",12,8,0,30,30,173.2,10.416507327997268,3.057581752994223,0.7255278735918494,0.24324324324324326,0.78507079,0.527577937,0.107692307,95.34593813195147,2.487524138029198,2.7235828511711904,2.9393589554915263,3.0454594084815447,4.996394634246826,"Yoshinobu Yamamoto",33825,808967
"Max Fried","NYY",19,5,0,32,32,195.1,8.708191353031493,2.3498294127227837,0.6450512113356661,0.27932960893854747,0.74001947,0.523809523,0.086956521,95.81036261792453,2.8566553644865214,3.3720535954859296,3.068583415449933,3.407593815140464,4.7727370262146,"Max Fried",13743,608331
"Hunter Brown","HOU",12,9,0,31,31,185.1,10.003597396839536,2.7679856874750177,0.825539591001321,0.26244343891402716,0.81986143,0.481400437,0.114093959,96.58185865644725,2.4280576205921207,3.1520613125449164,3.1405320018081033,3.1875778191300848,4.575861930847168,"Hunter Brown",25880,686613
"Kevin Gausman","TOR",10,11,0,32,32,193,8.813471502590673,2.33160621761658,0.9792746113989638,0.26171875,0.72228443,0.366920152,0.095022624,94.46422949938575,3.5906735751295336,3.7330307134101344,3.414929064320777,3.7658326320388777,4.101304531097412,"Kevin Gausman",14107,592332
"Zack Wheeler","PHI",10,5,0,24,24,149.2,11.726058703454148,1.984409934430702,1.142539053157071,0.26666666666666666,0.82372323,0.399425287,0.141791044,95.9765063526694,2.7060135469509574,2.4815738362582778,3.0015060195919254,2.7315265013475694,4.039516925811768,"Zack Wheeler",10310,554430
"Ranger Suárez","PHI",12,8,0,26,26,157.1,8.637712143646246,2.1737288838315054,0.8008474835168704,0.3167420814479638,0.79035874,0.467706013,0.088050314,91.18984485346046,3.2033899340674816,3.1526433921054227,3.211407507113156,3.612699158130572,4.036607265472412,"Ranger Suarez",17277,624133
"Framber Valdez","HOU",13,11,0,31,31,192,8.765625,3.1875,0.703125,0.29714285714285715,0.72888889,0.586142322,0.122950819,95.43178885323661,3.65625,3.7736891248460576,3.374719651540121,3.3387415078158185,4.016944408416748,"Framber Valdez",17295,664285
"Andrew Abbott","CIN",10,7,0,29,29,166.1,8.062124495026568,2.326653377759345,1.028056143661106,0.274468085106383,0.8004779,0.318087318,0.082608695,92.69346298495645,2.867735558633611,3.5527835477667655,3.6581824263852445,4.305076488667916,3.9303135871887207,"Andrew Abbott",29911,671096
"Nathan Eovaldi","TEX",11,3,0,22,22,130,8.930769230769231,1.4538461538461538,0.6923076923076923,0.24316109422492402,0.86538462,0.503012048,0.096153846,94.3563387784091,1.7307692307692308,3.019513802275403,2.7966747797452487,3.0300662315808813,3.7312192916870117,"Nathan Eovaldi",9132,543135
"Nick Pivetta","SDP",13,5,0,31,31,181.2,9.412844563774714,2.4770643588880827,1.0899083179107565,0.23464912280701755,0.78703704,0.335443037,0.096916299,93.85475150877835,2.8733946563101758,3.9671302039083125,3.4929345033795105,3.8450895201171256,3.6734888553619385,"Nick Pivetta",15454,601713
"Michael Wacha","KCR",10,13,0,31,31,172.2,6.567567954490865,2.3455599837467376,0.7818533279155792,0.2870722433460076,0.72680412,0.371698113,0.065789473,93.28842496542185,3.857143084383524,4.168070299742231,3.6563718701505064,4.562838509113116,3.636931896209717,"Michael Wacha",14078,608379
"Freddy Peralta","MIL",17,6,0,33,33,176.2,10.392452530988225,3.362264054143249,1.0698112899546701,0.24349881796690306,0.85495283,0.372727272,0.104477611,94.70941853422168,2.6999999222665485,3.417243462438743,3.6445702658042487,3.853379329266389,3.6201796531677246,"Freddy Peralta",18679,642547
"Bryan Woo","SEA",15,7,0,30,30,186.2,9.54642909166767,1.735714380303213,1.2535714968856537,0.23768736616702354,0.80369844,0.407786885,0.128078817,95.70774785323965,2.9410715888471106,3.0700219742953045,3.4672791934499947,3.3332064052683847,3.6130261421203613,"Bryan Woo",30279,693433
"Sonny Gray","STL",14,8,0,32,32,180.2,10.012915692933463,1.892989036474983,1.2453875239966994,0.3292181069958848,0.69633508,0.438735177,0.14450867,91.69117647058823,4.284133082548646,3.8669103491079917,3.3897488786683345,3.0671708243031417,3.5670740604400635,"Sonny Gray",12768,543243
"Matthew Boyd","CHC",14,8,0,31,31,179.2,7.714285495898599,2.1038960443359813,0.9517624962472298,0.2732793522267207,0.76233184,0.37944664,0.08370044,93.26330773305085,3.2059368294643527,3.746659072914039,3.647195672912899,4.220339392077284,3.4332244396209717,"Matthew Boyd",15440,571510
"Chris Sale","ATL",6,5,0,20,20,120,11.7,2.25,0.825,0.3107142857142857,0.82524272,0.394463667,0.096491228,94.87118098635236,2.625,2.8481073333283677,2.751802984873454,3.0247886672616007,3.409522533416748,"Chris Sale",10603,519242
"Dylan Cease","SDP",8,12,0,32,32,168,11.517857142857142,3.8035714285714284,1.125,0.3195121951219512,0.6898288,0.366197183,0.118644067,97.06857706547154,4.553571428571429,3.4504740796513294,3.5577553658258347,3.5570878581986545,3.3976783752441406,"Dylan Cease",18525,656302
"Jacob deGrom","TEX",12,8,0,30,30,172.2,9.64285771095881,1.928571542191762,1.3552124350536705,0.22966507177033493,0.83598726,0.377828054,0.138297872,97.56576657315046,2.971042646079201,3.3567820548562897,3.64478885788509,3.3659104120036734,3.3914434909820557,"Jacob deGrom",10954,594798
"Kris Bubic","KCR",8,7,0,20,20,116.1,8.974212426749611,3.0171921089934037,0.4641834013836006,0.2948717948717949,0.77507599,0.471698113,0.056603773,92.35496249079529,2.5530087076098034,3.1683300096590585,2.894448628600476,3.6287555435268315,3.341315984725952,"Kris Bubic",21455,663460
"Trevor Rogers","BAL",9,3,0,18,18,109.2,8.452887734013421,2.3799392649164,0.49240122722408275,0.22614840989399293,0.84233261,0.459649122,0.055045871,92.92774315967017,1.8054711664883034,3.3982787228512437,2.8159873746356228,3.637108232393889,3.333312749862671,"Trevor Rogers",22286,669432
"Carlos Rodón","NYY",18,9,0,33,33,195.1,9.353242564367159,3.363481316250259,1.0136519035274754,0.22821576763485477,0.76419214,0.434607645,0.110552763,94.11599902125279,3.087030797106402,3.340480607908019,3.780187529542453,3.8867035236681287,3.2265961170196533,"Carlos Rodon",16137,607074
"Joe Ryan","MIN",13,10,0,30,30,166,10.301204819277109,2.0060240963855422,1.355421686746988,0.270935960591133,0.79194631,0.365967365,0.120192307,93.66230668923865,3.36144578313253,3.4046873023172703,3.6893531856766666,3.6633397969854884,3.1863255500793457,"Joe Ryan",21390,657746
"David Peterson","NYM",9,6,0,30,30,168.2,8.003953051899728,3.468379655823216,0.5869565571393134,0.3163265306122449,0.6918239,0.546558704,0.092436974,92.38368344425957,4.215415274000524,4.594171708420336,3.484938710845368,3.7248615225123918,3.1409006118774414,"David Peterson",20302,656849
"Merrill Kelly","- - -",12,9,0,32,32,184,8.168478768917504,2.347826232982277,1.1250000699706744,0.2637795275590551,0.73226545,0.430740037,0.115,91.91596089140856,3.5217393494734153,4.1474833417734835,3.7601363570793844,3.8109399632767174,3.1212130188941956,"Merrill Kelly",11156,518876
"José Soriano","LAA",10,11,0,31,31,169,8.094674556213018,4.153846153846154,0.6390532544378699,0.3060796645702306,0.6779661,0.652806652,0.15,98.02771809895833,4.260355029585799,4.026284192057029,3.7327694543014625,3.539509958346215,2.963775873184204,"Jose Soriano",22100,667755
"Hunter Greene","CIN",7,4,0,19,19,107.2,11.034055988183178,2.1733746643391108,1.2538699986571793,0.24489795918367346,0.82926829,0.329457364,0.119047619,99.40799894403379,2.7585139970457946,3.0333518537559736,3.274455206946474,3.2675742810636224,2.904505968093872,"Hunter Greene",22182,668881
"MacKenzie Gore","WSN",5,15,0,30,30,159.2,10.427975612184886,3.6075158874585553,1.1273487148307986,0.3251231527093596,0.75647668,0.372037914,0.116279069,95.32928616522366,4.171190244873954,4.323833232815744,3.7426520145322733,3.7750893577971834,2.889007568359375,"MacKenzie Gore",22201,669022
"Brady Singer","CIN",14,12,0,32,32,169.2,8.646365940797933,3.1827113892507732,1.0078586065960782,0.2847826086956522,0.72948328,0.388655462,0.1,91.46038263494319,4.031434426384313,4.261006063854048,3.9779654453602333,4.248675499769473,2.8776259422302246,"Brady Singer",25377,663903
"Nick Lodolo","CIN",9,8,0,28,28,155.2,9.01927253800076,1.6766596384745,1.2719486912565172,0.2746987951807229,0.80842391,0.423887587,0.129411764,93.82173295454545,3.295503427346431,3.4346099612263172,3.77753464712422,3.6239737174859075,2.8467535972595215,"Nick Lodolo",26378,666157
"Luis Castillo","SEA",11,8,0,32,32,180.2,8.07011047391123,2.291512850616769,1.1457564253083845,0.2859960552268245,0.76800847,0.412878787,0.105022831,95.10015387400435,3.5369002694302303,4.044377425834874,3.8768337143001377,4.0907132835925175,2.6306910514831543,"Luis Castillo",15689,622491
"Dean Kremer","BAL",11,9,0,29,29,163.1,7.273469614253752,2.3142857863534667,1.1020408506445079,0.2875,0.70689655,0.404426559,0.097087378,93.2581265990497,4.18775523244913,3.8454480590405167,3.9188098119984374,4.271452468986041,2.621345043182373,"Dean Kremer",19350,665152
"Logan Gilbert","SEA",6,6,0,25,25,131,11.885496183206106,2.1297709923664123,1.3740458015267176,0.27631578947368424,0.78070175,0.389408099,0.148148148,95.47628035491906,3.435114503816794,3.084206169207837,3.3488767762220544,2.952959276201161,2.5506298542022705,"Logan Gilbert",22250,669302
"Drew Rasmussen","TBR",10,5,0,31,31,150,7.62,2.22,1.08,0.24623115577889448,0.83584337,0.492718446,0.128571428,95.79196947674419,2.76,3.476413268591816,3.841802984873454,3.7207596786816914,2.5460662841796875,"Drew Rasmussen",25385,656876
"Chad Patrick","MIL",3,8,0,23,23,115.2,9.337175997801152,2.956772399303698,0.9337175997801151,0.3141025641025641,0.77662722,0.3125,0.085106382,94.14723557692308,3.501440999175432,3.8795365135907276,3.4982487181212765,4.028956885865002,2.544281482696533,"Chad Patrick",30113,694477
"Jack Flaherty","DET",8,15,0,31,31,161,10.509316770186336,3.298136645962733,1.2857142857142858,0.3054187192118227,0.70469799,0.367058823,0.129943502,93.09007629992465,4.6397515527950315,3.9721321184837843,3.8494220324925017,3.68723481956476,2.542010545730591,"Jack Flaherty",17479,656427
"Luis Severino","ATH",8,11,0,29,29,162.2,6.860656166743055,2.7663936156221993,0.8852459569991038,0.2925851703406814,0.65661479,0.411764705,0.084210526,96.16120576671035,4.536885529620407,4.593592879753934,4.106447854358581,4.62856143092934,2.540140390396118,"Luis Severino",15890,622663
"Mitch Keller","PIT",6,15,0,32,32,176.1,7.655954852212854,2.6030246497523706,1.0718336793097996,0.2901353965183752,0.69595262,0.436329588,0.108247422,94.1120790314651,4.185255319209694,4.444461967011915,4.019824434462495,4.16782497032021,2.4928290843963623,"Mitch Keller",17594,656605
"Clayton Kershaw","LAD",11,2,0,22,22,111.2,6.770149407916838,2.820895586632016,0.6447761340873179,0.283987915407855,0.72769953,0.473214285,0.071428571,88.82841670048701,3.385074703958419,3.7970226939418734,3.556031850180453,4.171030102308901,2.4836723804473877,"Clayton Kershaw",2036,477132
"Yusei Kikuchi","LAA",7,11,0,33,33,178.1,8.781308661667545,3.734579545766657,1.211214987816213,0.31388329979879276,0.76096688,0.397286821,0.115384615,94.95633936808117,3.9869160015617013,4.4710703364785065,4.228594293318646,4.277277159065627,2.4652090072631836,"Yusei Kikuchi",20633,579328
"Kyle Freeland","COL",5,17,0,31,31,162.2,6.860656166743055,2.1024591478728714,1.2172131908737678,0.32947976878612717,0.64015519,0.418691588,0.111675126,91.56163507821901,4.979508508119959,4.955948205108265,4.180218350775174,4.2891690441532155,2.4503562450408936,"Kyle Freeland",16256,607536
"Chris Bassitt","TOR",11,9,0,31,31,169.1,8.769685302784996,2.7637796105746655,1.1692913737046662,0.316008316008316,0.76368876,0.463073852,0.131736526,91.41218345905172,3.9862205921749982,4.181050922048024,4.026868628456306,3.8583871208603235,2.4112253189086914,"Chris Bassitt",12304,605135
"George Kirby","SEA",10,8,0,23,23,126,9.785714285714286,2.0714285714285716,1.0714285714285714,0.31547619047619047,0.71323529,0.441260744,0.128205128,96.05955729166666,4.214285714285714,3.875273453823832,3.3652950483655175,3.249291078769972,2.398303985595703,"George Kirby",25436,669923
"Spencer Schwellenbach","ATL",7,4,0,17,17,110.2,8.783132731957785,1.4638554553262977,1.0572289399578816,0.2593856655290102,0.71585903,0.468852459,0.141304347,97.02559386022928,3.0903615167999616,3.559085143648244,3.2526062004243297,3.0071846613004602,2.3963608741760254,"Spencer Schwellenbach",31846,680885
"Casey Mize","DET",14,6,0,28,28,149,8.395973154362416,2.174496644295302,1.2684563758389262,0.308411214953271,0.76260763,0.387387387,0.113513513,94.74893916560913,3.865771812080537,3.65870475605471,3.8868141705557804,3.9688394942939684,2.3776638507843018,"Casey Mize",20492,663554
"Adrian Houser","- - -",8,5,0,21,21,125,6.624000202148443,2.7360000834960965,0.7200000219726569,0.3027027027027027,0.77272727,0.489417989,0.080645161,95.29931200731981,3.3120001010742217,4.041611519341091,3.8071363387146,4.2965417539262525,2.2835106253623962,"Adrian Houser",12718,605288
"Jack Leiter","TEX",10,10,0,29,29,151.2,8.782418171468423,3.9758244424890834,1.0681319397731865,0.26715686274509803,0.74798619,0.378823529,0.095238095,97.37845493027888,3.8571431158476184,4.453724874418028,4.150521001694878,4.528908261114586,2.2582685947418213,"Jack Leiter",30146,683004
"Justin Verlander","SFG",4,11,0,29,29,152,8.111842105263158,3.0789473684210527,0.9473684210526315,0.3082039911308204,0.72927597,0.344902386,0.077669902,93.9484506302521,3.848684210526316,4.2365869115068895,3.8456626339962607,4.566704073783598,2.249141216278076,"Justin Verlander",8700,434378
"Quinn Priester","MIL",10,3,0,24,24,130.2,8.058674096763307,2.7551022553036946,0.8954082329737008,0.30434782608695654,0.81151832,0.543766578,0.115044247,,2.9617349244514717,3.5432360311307334,3.6938098310878145,3.7337323538778344,2.2490715980529785,"Quinn Priester",25977,682990
"Shane Smith","CHW",7,8,0,29,29,146.1,8.91799575416359,3.567198301665436,1.0455581229019382,0.2604166666666667,0.71691176,0.404522613,0.108974358,95.82670323988971,3.8132119776423625,3.9836912550658834,4.09868988244975,4.232024737480213,2.1860880851745605,"Shane Smith",31687,681343
"Robbie Ray","SFG",11,8,0,32,32,182.1,9.180987459032451,3.6032907769320914,1.085923247842548,0.2680851063829787,0.7415036,0.360655737,0.096491228,93.62859071696931,3.652650924561298,3.704886731491026,3.930383141121784,4.289706170010815,2.184039831161499,"Robbie Ray",11486,592662
"Cade Horton","CHC",10,4,0,22,22,114,7.263158380820182,2.605263332250718,0.7105263633411049,0.25705329153605017,0.79037801,0.428134556,0.068181818,95.51335144042969,2.5263159585461503,3.9136044465343747,3.5474170475528606,4.306273147048404,2.1537938117980957,"Cade Horton",31872,690990
"Will Warren","NYY",9,8,0,33,33,162.1,9.48049311018654,3.6036962114744155,1.2197125638836483,0.3028953229398664,0.69826707,0.420600858,0.130177514,93.18615879828326,4.435318414122357,4.57161383400968,4.065321152279671,3.908569263591761,2.086449384689331,"Will Warren",30182,701542
"Cole Ragans","KCR",3,3,0,13,13,61.2,14.302703292545763,2.9189190392950537,1.021621663753269,0.35384615384615387,0.64417178,0.367647058,0.122807017,95.5696248829588,4.670270462872086,2.668361916316302,2.502703859692859,2.4520953323617993,2.082580327987671,"Cole Ragans",21846,666142
"Brayan Bello","BOS",10,9,0,28,28,161.2,6.736082898080281,3.2288661825508784,0.835051598935572,0.27405857740585776,0.75257732,0.49287169,0.098039215,95.08449367088608,3.340206395742288,4.560419586593293,4.124827102130428,4.377730923179307,2.036032199859619,"Brayan Bello",23920,678394
"Ryan Pepiot","TBR",11,12,0,31,31,167.2,8.964215255598686,3.2743540753983225,1.3956263272189573,0.2577565632458234,0.75334143,0.382352941,0.138297872,95.11479355436573,3.864811367683266,3.99877528249045,4.357800408291771,4.070605507257234,2.0350005626678467,"Ryan Pepiot",26221,686752
"Edward Cabrera","MIA",8,7,0,26,26,137.2,9.806296124126897,3.138014759720607,1.1113802274010482,0.29213483146067415,0.76675258,0.466307277,0.136,96.95364538278547,3.5302666046856825,4.046557117286899,3.8252090084231245,3.619766482462699,2.017101526260376,"Edward Cabrera",21690,665795
"Nick Martinez","CIN",10,10,0,26,26,145,6.641379310344828,2.2344827586206897,1.2413793103448276,0.28868360277136257,0.68553459,0.383073496,0.109890109,92.5999190167683,4.7172413793103445,4.187373893252072,4.321343214758511,4.463388423673038,1.994583249092102,"Nick Martinez",12730,607259
"Shane Baz","TBR",10,12,0,31,31,166.1,9.523046383387086,3.462925957595304,1.4068136702730922,0.30275229357798167,0.71942446,0.467391304,0.155688622,96.86875130862647,4.869739627868396,3.86187444552745,4.367601285753727,3.8834557733781567,1.9600975513458252,"Shane Baz",22264,669358
"Lucas Giolito","BOS",10,4,0,26,26,145,7.510344827586207,3.475862068965517,1.0551724137931036,0.2727272727272727,0.76735688,0.378190255,0.092896174,93.2910394851658,3.413793103448276,5.013314614681873,4.169619076827477,4.591262487913,1.9509938955307007,"Lucas Giolito",15474,608337
"Tyler Mahle","TEX",6,4,0,16,16,86.2,6.853846354964222,3.011538549908522,0.5192307844669866,0.2601626016260163,0.84615385,0.388,0.049019607,92.26001690423976,2.1807692947613435,4.226315368541248,3.3659055557476703,4.430414165165692,1.9284228086471558,"Tyler Mahle",16358,641816
"Shohei Ohtani","LAD",1,1,0,14,14,47,11.872340425531915,1.7234042553191489,0.574468085106383,0.32456140350877194,0.75892857,0.413793103,0.071428571,98.24802701271186,2.872340425531915,2.5335038385682194,1.901093765015298,2.449031025044462,1.9280993938446045,"Shohei Ohtani",19755,660271
"Blake Snell","LAD",5,4,0,11,11,61.1,10.565217610342971,3.8152174704016284,0.44021740043095714,0.3137254901960784,0.76923077,0.486666666,0.073170731,95.1011623051225,2.3478261356317716,3.2706250128141834,2.69491891777583,3.089668576610498,1.8925966024398804,"Blake Snell",13543,605483
"Eury Pérez","MIA",7,6,0,20,20,95.1,9.912587941447862,3.0209791821555387,1.132867193308327,0.24034334763948498,0.64965197,0.310204081,0.095238095,97.82969841385332,4.248251974906227,3.2376398031637823,3.670101381713497,4.071421196804374,1.8707106113433838,"Eury Perez",27768,691587
"Tanner Bibee","CLE",12,11,0,31,31,182.1,7.99634391593149,2.6654479719771635,1.3327239859885818,0.28094302554027506,0.71865443,0.447368421,0.129807692,94.39715753944175,4.244972696111779,3.6238199676926057,4.336233243850817,4.169954139453331,1.8680830001831055,"Tanner Bibee",30134,676440
"Noah Cameron","KCR",9,7,0,24,24,138.1,7.416867742584145,2.7975904643080547,1.1710843804080229,0.24074074074074073,0.83975347,0.41432225,0.124137931,92.39929947460595,2.9927711943760587,4.079739537507821,4.176100211902808,4.100573948729761,1.8170421123504639,"Noah Cameron",30184,702070
"Kyle Hendricks","LAA",8,10,0,31,31,164.2,6.230769615684207,2.350202574337026,1.3663968455447824,0.2795275590551181,0.68333333,0.38490566,0.111111111,86.60104370117188,4.755061022495843,3.9157386627954116,4.598699161656977,4.731642565591036,1.8168165683746338,"Kyle Hendricks",12049,543294
"Pablo López","MIN",5,4,0,14,14,75.2,8.682819675086595,2.3788547055031763,0.713656411650953,0.27751196172248804,0.75376884,0.384976525,0.071428571,94.67278746380309,2.735682911328653,3.9415547750801196,3.187999756106858,3.8686971680959914,1.8072704076766968,"Pablo Lopez",17085,641154
"Patrick Corbin","TEX",7,10,0,30,30,154.1,7.639309107055305,2.974082171449012,1.224622070596652,0.30376940133037694,0.74479737,0.392624728,0.122093023,91.48894904641544,4.315334915435821,4.75240270757773,4.2560866791233,4.205411702148664,1.8033745288848877,"Patrick Corbin",9323,571578
"Clay Holmes","NYM",12,8,0,31,31,161,7.043478260869565,3.68944099378882,0.782608695652174,0.2802547770700637,0.74001947,0.552083333,0.108527131,93.50304578234265,3.6335403726708075,4.427704214890489,4.172403398952129,4.277275272296823,1.7996976375579834,"Clay Holmes",13649,605280
"Janson Junk","MIA",5,4,0,16,16,87.1,5.874046143629126,1.133587852279305,0.8244275289304037,0.29856115107913667,0.62236287,0.40140845,0.07079646,93.4165859375,4.53435140911722,4.314111848488298,3.5358997003257335,4.339905959804783,1.7952136993408203,"Janson Junk",23301,676083
"Matthew Liberatore","STL",8,12,0,29,29,151.2,7.239560925129376,2.3736265328293036,1.1274726030939193,0.3002159827213823,0.70125428,0.374207188,0.101063829,93.88912655563689,4.213187095772014,4.872611417313495,4.025246268017776,4.307753921128919,1.785821795463562,"Matthew Liberatore",22294,669461
"Taj Bradley","- - -",6,8,0,27,27,142.2,8.011682600025043,3.532710437806318,1.1985981842557152,0.2807017543859649,0.62652068,0.435096153,0.11728395,96.21635318564498,5.046729196866169,4.089863812581611,4.347753194676019,4.367111389440915,1.7733981311321259,"Taj Bradley",22543,671737
"Brandon Woodruff","MIL",7,2,0,12,12,64.2,11.551546846037672,1.948453684873824,1.2525773688474584,0.24324324324324326,0.72874494,0.339743589,0.11392405,92.96900860191637,3.2010310537212825,2.204293756764957,3.166064154474626,3.2402508460844484,1.767730474472046,"Brandon Woodruff",16162,605540
"Sandy Alcantara","MIA",11,12,0,31,31,174.2,7.316794319257332,2.937023071814563,1.133587852279305,0.27766990291262134,0.61938062,0.46542056,0.125714285,97.74060132575758,5.358778938047624,4.627612997921101,4.280174552832348,4.187451532674813,1.7427232265472412,"Sandy Alcantara",18684,645261
"Ryne Nelson","ARI",6,3,0,23,23,128,7.3828125,2.4609375,1.0546875,0.24929178470254956,0.76666667,0.394021739,0.09868421,95.59905833659874,3.1640625,3.998313573478485,3.9085738182067873,4.215951754525304,1.715397596359253,"Ryne Nelson",26253,669194
"Stephen Kolek","- - -",5,7,0,19,19,112.2,6.150887712803399,2.4763314168429273,0.7189349274705272,0.26409495548961426,0.70502431,0.514450867,0.08910891,94.15922075788552,3.5147929787448,4.29615612327356,3.818568286296054,4.16219850820267,1.7049622535705566,"Stephen Kolek",21487,663568
"Emmet Sheehan","LAD",5,2,0,12,12,59.2,11.162011648935144,1.960893938326444,1.0558659667911623,0.2695035460992908,0.71713147,0.344594594,0.112903225,95.46479657306763,3.1675979003734867,3.213778285002111,2.934018991198947,3.0109101260504403,1.703898549079895,"Emmet Sheehan",29839,686218
"Logan Allen","CLE",7,11,0,29,29,155.2,6.937901952308276,3.5845826753592758,1.0406852928462413,0.29764453961456105,0.70570571,0.442827442,0.096256684,91.24562674581006,4.278372870590103,4.466584842962235,4.407085009463304,4.7559410399686115,1.6605032682418823,"Logan Allen",27589,671106
"Brandon Pfaadt","ARI",13,9,0,33,33,176.2,7.488679676483711,1.8849057689108661,1.3245283781535817,0.3155963302752294,0.66476733,0.420774647,0.132653061,93.62370740706997,5.247170113454573,5.278569550692414,4.216268455930438,4.01351885387716,1.6543610095977783,"Brandon Pfaadt",27782,694297
"Tyler Glasnow","LAD",4,3,0,18,18,90.1,10.56088620349201,4.284133082548646,0.9963100191973595,0.22549019607843138,0.78409091,0.443925233,0.121951219,95.68392730075901,3.1881920614315504,3.329454494491838,3.7550625523740333,3.7154605997363177,1.6288933753967285,"Tyler Glasnow",14374,607192
"Colin Rea","CHC",10,7,0,27,27,143.1,7.472093288407199,2.7000000958110046,1.25581399805163,0.29397590361445786,0.72839506,0.398601398,0.117647058,93.84267547828335,4.332558293278123,4.429949672128562,4.293275894187735,4.307896942486142,1.6109422445297241,"Colin Rea",12317,607067
"Jeffrey Springs","ATH",11,10,0,30,30,158.1,6.991579171964277,2.9557895686353044,1.4778947843176522,0.2554585152838428,0.71782178,0.316666666,0.117647058,90.77780975877192,4.092631710418114,4.329419460935777,4.758294265085576,4.775500930288382,1.5421487092971802,"Jeffrey Springs",17677,605488
"Joey Cantillo","CLE",4,3,0,13,13,67,9.671641791044776,3.7611940298507465,0.6716417910447762,0.2774566473988439,0.7972973,0.406779661,0.074626865,91.7103207236842,2.955223880597015,3.5094384544455592,3.209763183878429,3.7813532449416263,1.5260729789733887,"Joey Cantillo",23335,676282
"Tylor Megill","NYM",5,5,0,14,14,68.1,11.72195209201363,4.346341786926403,0.7902439612593459,0.3176470588235294,0.68777293,0.40229885,0.09375,95.71447566105769,3.9512198062967294,3.8753250329071207,3.42781926682136,3.730326354901573,1.4964619874954224,"Tylor Megill",21318,656731
"Zack Littell","- - -",10,8,0,32,32,186.2,6.267857356339092,1.5428571954065458,1.735714344832364,0.2490974729241877,0.81180812,0.403087478,0.15,92.00320807409503,3.80892870115991,4.3636968283547315,4.8762078060787575,4.351301192936383,1.4622283577919006,"Zack Littell",15823,641793
"Gavin Williams","CLE",12,5,0,31,31,167.2,9.286282869572291,4.455268659968209,1.2345925202321544,0.25355450236966826,0.83786725,0.446952595,0.14375,96.68859275658492,3.0596423327492523,4.293556111758674,4.393585698733283,4.081527769465145,1.4409607648849487,"Gavin Williams",30122,668909
"Kodai Senga","NYM",7,6,0,22,22,113.1,8.655882741406732,4.36764725483826,0.9529412192374384,0.2706270627062706,0.79881657,0.466237942,0.101694915,94.84047631469114,3.017647194251888,3.959687591080561,4.123371656675242,4.35212377705097,1.4045644998550415,"Kodai Senga",31838,673540
"Reese Olson","DET",4,4,0,13,13,68.2,8.519417791252424,3.276699150481702,0.6553398300963403,0.2864864864864865,0.79012346,0.428571428,0.075757575,94.39519708806819,3.1456311844624336,4.072028287859079,3.499214001593643,4.034478023016262,1.3794413805007935,"Reese Olson",24968,681857
"José Berríos","TOR",9,5,0,30,30,164,7.408536585365853,2.9634146341463414,1.3719512195121952,0.284796573875803,0.73913043,0.413087934,0.128865979,92.99416208791209,4.060975609756097,4.789516517612909,4.58635583040191,4.4284133125369145,1.3638814687728882,"Jose Berrios",14168,621244
"Zebby Matthews","MIN",5,6,0,16,16,79.1,9.983193917359035,2.7226892501888273,1.3613446250944137,0.3565217391304348,0.67193676,0.316666666,0.117647058,96.21604835115865,5.558823885802189,4.669486908629068,3.7905985451040975,3.806448253377109,1.360643744468689,"Zebby Matthews",31827,805673
"Jacob Lopez","ATH",7,6,0,17,17,84,10.607142857142858,3.5357142857142856,1.2857142857142858,0.28640776699029125,0.7537155,0.285046728,0.115384615,90.75417644515811,3.9642857142857144,3.630957293209781,4.063707746778216,4.115384993666694,1.3587108850479126,"Jacob Lopez",25098,682052
"Mike Burrows","PIT",1,4,0,19,19,86.2,9.553846434192552,3.011538549908522,1.2461538827207677,0.29515418502202645,0.74579832,0.428571428,0.13483146,95.29782284007354,4.1538462757358925,4.170119323259132,3.9543671114769214,3.737614786078665,1.3326252698898315,"Mike Burrows",24728,681347
"Cam Schlittler","NYY",4,3,0,14,14,73,10.356164383561644,3.8219178082191783,0.9863013698630136,0.2840909090909091,0.84541063,0.364130434,0.115942028,97.8234887660485,2.958904109589041,4.107644671632191,3.7378760442341843,3.770478958218065,1.3074924945831299,"Cam Schlittler",32095,693645
"Clarke Schmidt","NYY",4,4,0,14,14,78.2,8.351695185247362,3.432203500786587,1.0296610502359762,0.2315270935960591,0.77956989,0.331753554,0.08910891,94.31873739919355,3.3177967174270346,3.01701826940038,3.948695666541386,4.440844040005538,1.2772020101547241,"Clarke Schmidt",19899,657376
"Chase Burns","CIN",0,3,0,8,8,34.1,14.941748126196561,3.40776711650097,1.0485437281541445,0.37662337662337664,0.56930693,0.367088607,0.129032258,98.33732466264205,5.242718640770723,3.218689370704657,2.465233380774973,2.3427261556154027,1.2700238227844238,"Chase Burns",35333,695505
"Eduardo Rodriguez","ARI",9,9,0,29,29,154.1,8.339093147396248,3.49892020170472,1.4578834173769666,0.32903225806451614,0.71078431,0.371607515,0.126903553,91.95791144120066,5.0151189557767655,4.511896947880492,4.573581290018728,4.435715054467759,1.2650376558303833,"Eduardo Rodriguez",13164,593958
"Jacob Misiorowski","MIL",5,3,0,14,14,63.2,11.874346024052725,3.9581153413509087,1.130890097528831,0.291970802919708,0.69321534,0.337931034,0.121212121,99.04260416666666,4.3821991279242205,3.312832688642745,3.590633718600344,3.5553687136802834,1.2417341470718384,"Jacob Misiorowski",31623,694819
"Simeon Woods Richardson","MIN",7,3,0,22,22,107,8.747664175134403,3.7850469988562323,1.345794488482216,0.2579505300353357,0.75704225,0.332214765,0.10738255,93.16169361076733,3.9532713099165093,3.572261333215536,4.45289342151229,4.655876220138667,1.238885521888733,"Simeon Woods Richardson",24494,680573
"Nolan McLean","NYM",5,1,0,8,8,48,10.6875,3,0.75,0.27522935779816515,0.84051724,0.610619469,0.142857142,95.71808235012755,2.0625,3.561065046050801,2.968469651540121,2.784484251836936,1.2067679166793823,"Nolan McLean",33703,690997
"Michael Lorenzen","KCR",7,11,0,26,26,140.2,8.061611957395433,2.4952608439557293,1.5995261820229034,0.3046683046683047,0.74213836,0.389791183,0.140449438,94.13304993872549,4.670616451506878,4.631396143872023,4.613809410921293,4.254304157672609,1.1967828273773193,"Michael Lorenzen",14843,547179
"Trevor Williams","WSN",3,10,0,17,17,82.2,7.076613120928522,2.286290392915369,1.1975806820032884,0.3467153284671533,0.61619718,0.329749103,0.094827586,87.88610700448613,6.205645352198858,4.559051883514321,4.12707183259335,4.560641529594859,1.1741487979888916,"Trevor Williams",16977,592866
"Bailey Ober","MIN",6,9,0,27,27,146.1,7.380410279307799,1.9066059888211813,1.8451025698269496,0.2945205479452055,0.7254902,0.299568965,0.125523012,90.34889077240567,5.104783776521227,4.3445544916493235,4.898234329374762,4.751143410156666,1.165695071220398,"Bailey Ober",21224,641927
"Davis Martin","CHW",7,10,0,25,25,136.2,6.519512680389604,3.029268518160826,1.3170732687655766,0.275609756097561,0.70700637,0.44859813,0.125,94.09737951294278,4.280488123488124,5.127020530000919,4.730258388156208,4.632782456757793,1.141900658607483,"Davis Martin",21448,663436
"Braxton Ashcraft","PIT",1,2,0,8,8,33.1,9.450000360488906,2.70000010299683,0.270000010299683,0.3068181818181818,0.82446809,0.528089887,0.04,96.7752020474138,2.160000082397464,3.117887436734141,2.415136290740966,3.1814408060690686,1.1377454996109009,"Braxton Ashcraft",23793,677952
"Kyle Bradish","BAL",1,1,0,6,6,32,13.21875,2.8125,0.84375,0.3076923076923077,0.83892617,0.323529411,0.1,,2.53125,3.084566420786459,2.4476363182067873,2.674266925826669,1.124294400215149,"Kyle Bradish",24586,680694
"Landen Roupp","SFG",7,7,0,22,22,106.2,8.606250205188994,3.7968750905245563,0.9281250221282249,0.3238095238095238,0.72802198,0.451713395,0.103773584,92.95244683159723,3.7968750905245563,4.250204829365889,3.913261336758733,4.10473978540101,1.1231613159179688,"Landen Roupp",30076,694738
"Joey Wentz","ATL",3,6,0,13,13,61,8.55737758432467,3.2459018423300474,0.8852459569991038,0.34065934065934067,0.6372549,0.392473118,0.083333333,92.95468917291221,5.163934749161439,4.3474338638558185,3.594152740354471,4.135222129358124,1.1067389249801636,"Joey Wentz",19962,666214
"Connelly Early","BOS",1,2,0,4,4,19.1,13.500000887903733,1.8620690879867217,0,0.37777777777777777,0.72727273,0.466666666,0,94.01216547539893,2.327586359983402,2.3441172927255365,0.910998240889314,2.3464108007956854,1.1005114316940308,"Connelly Early",33666,813349
"Jameson Taillon","CHC",11,7,0,23,23,129.2,6.802057088900536,1.8740361367379028,1.6658098993225803,0.23243243243243245,0.80270793,0.337595907,0.136363636,92.31563534768212,3.678663527670698,3.8403339630765174,4.654416643051919,4.340890547019683,1.1004010438919067,"Jameson Taillon",11674,592791
"Michael Soroka","- - -",3,8,0,17,17,83.1,9.720000593261755,2.700000164794932,1.2960000791015673,0.2714285714285714,0.69078947,0.422727272,0.126315789,93.57409573923825,4.8600002966308775,3.519598839462441,4.251136386322026,4.1367191982043305,1.0854006856679916,"Michael Soroka",18383,647336
"Hurston Waldrep","ATL",5,1,0,9,9,50.2,9.059210981028254,3.5526317572659822,0.5328947635898973,0.3,0.78947368,0.507575757,0.085714285,95.14901878720238,3.019736993676085,3.963923418794162,3.2535573767823203,3.548837839323359,1.0824054479599,"Hurston Waldrep",33527,694462
"Zac Gallen","ARI",13,15,0,33,33,192,8.203125,3.09375,1.453125,0.27001862197392923,0.67620928,0.436170212,0.145539906,93.54151218220339,4.828125,4.27882259768133,4.504927984873454,4.1163367038903145,1.0632120370864868,"Zac Gallen",19291,668678
"Cade Povich","BAL",2,8,0,20,20,103.2,9.028939792737543,3.385852422276578,1.4758843891974829,0.3448275862068966,0.67567568,0.396721311,0.140495867,92.19519257127193,5.382637184131996,5.705392861379072,4.418094643456887,4.085783907537592,1.0189396142959595,"Cade Povich",30055,700249
"Ian Seymour","TBR",3,2,0,5,5,25.2,10.870130139391271,2.454545515346416,0.3506493593352023,0.2878787878787879,0.5078125,0.317460317,0.037037037,91.28266638835878,3.1558442340168207,3.829114294013941,2.0442272002750466,3.1595633902191085,1.0003159046173096,"Ian Seymour",27932,693855
"Bubba Chandler","PIT",2,1,0,4,4,19.1,10.241379983926969,1.3965518159900412,0,0.3137254901960784,0.45,0.509803921,0,98.71102962853773,5.120689991963484,2.4805033590323635,1.4799637955519236,2.915376355458295,0.9915405511856079,"Bubba Chandler",29868,696149
"Parker Messick","CLE",3,1,0,7,7,39.2,8.62184929226462,1.3613446250944137,0.9075630833962759,0.358974358974359,0.86206897,0.479338842,0.105263157,92.69705729166667,2.7226892501888273,3.061209515459816,2.983875804307408,3.1499117971925483,0.9899759292602539,"Parker Messick",31986,800048
"Hunter Dobbins","BOS",4,1,0,11,11,53,6.7924528301886795,2.207547169811321,0.8490566037735849,0.30246913580246915,0.67741935,0.502994011,0.098039215,95.6175415407855,4.245283018867925,3.6309616121300174,3.701174054055844,3.9583194324430435,0.9806330800056458,"Hunter Dobbins",30240,690928
"Ryan Bergert","- - -",1,2,0,15,15,72.1,8.834102003676032,4.354839015896635,0.9953917750620882,0.26666666666666666,0.75178998,0.293532338,0.085106382,93.384335338841,3.8571431283655917,4.35927049408834,4.06140366444512,4.627166316080665,0.9532192647457123,"Ryan Bergert",29863,686701
"Griffin Canning","NYM",7,3,0,16,16,76.1,8.25327565910477,4.126637829552385,0.9432315038976881,0.28837209302325584,0.74626866,0.509090909,0.114285714,94.3294690860215,3.7729260155907522,4.697292597250573,4.039066509442072,4.090443177087483,0.9464770555496216,"Griffin Canning",19867,656288
"Aaron Civale","- - -",3,9,0,18,18,89,7.48314606741573,3.337078651685393,1.3146067415730338,0.29118773946360155,0.64935065,0.333333333,0.1015625,92.00041376443274,5.258426966292135,4.208246642936642,4.618282385622518,4.936738928248373,0.9408248611725867,"Aaron Civale",19479,650644
"Aaron Nola","PHI",5,10,0,17,17,94.1,9.254417460110261,2.671378235908117,1.7173145802266465,0.3151750972762646,0.62381853,0.424908424,0.181818181,91.81550797732068,6.0106010307932625,4.118197520423562,4.576832509014342,3.7142761957013164,0.9263066053390503,"Aaron Nola",16149,605400
"Luis Ortiz","CLE",4,9,0,16,16,88.2,9.744361181742766,4.2631580170124606,1.2180451477178458,0.2943722943722944,0.74387947,0.465020576,0.148148148,96.54219111689815,4.364661779322281,4.757212525413545,4.1840085287415985,3.833041050611538,0.9259670376777649,"Luis Ortiz",27646,682847
"Spencer Strider","ATL",7,14,0,23,23,125.1,9.406915275367382,3.662234191173561,1.4361702710484554,0.3161094224924012,0.77419355,0.36231884,0.137931034,95.42624017113783,4.452127840250212,4.906354248507128,4.5314129706150075,4.240606049067837,0.922653317451477,"Spencer Strider",27498,675911
"Shota Imanaga","CHC",9,8,0,25,25,144.2,7.2788023551415195,1.6175116344758933,1.9285715641827958,0.2193877551020408,0.81510934,0.291866028,0.135964912,90.81617733931947,3.7327191564828306,4.062573695140187,4.86324703880069,4.507370726494198,0.8881540298461914,"Shota Imanaga",33829,684007
"Bryce Elder","ATL",8,11,0,28,28,156.1,7.541578070523133,2.9360342106616772,1.3816631579584364,0.30620985010706636,0.67752101,0.482474226,0.158940397,92.78952508223684,5.2963754388406725,4.724004166486618,4.548782419636484,4.042189459875144,0.8802686929702759,"Bryce Elder",27779,693821
"Jacob Latz","TEX",1,0,0,8,8,39.2,7.714286208868344,3.4033615627360345,0.6806723125472068,0.25252525252525254,0.79896907,0.362745098,0.075,94.0721371299342,2.7226892501888273,4.514711480439057,3.538497688605132,4.109999555290494,0.8588376045227051,"Jacob Latz",21306,656641
"Cristian Javier","HOU",2,4,0,8,8,37,8.27027027027027,3.6486486486486487,0.7297297297297297,0.27884615384615385,0.59360731,0.29906542,0.052631578,92.76065848214286,4.621621621621622,3.2772360922197414,3.648649831720301,4.96970769505243,0.8528066277503967,"Cristian Javier",17606,664299
"Jose Quintana","MIL",11,7,0,24,24,131.2,6.08354477381026,3.417721783039472,1.23037984189421,0.25888324873096447,0.73431242,0.432762836,0.111801242,90.29453890931373,3.964557268325788,5.187186751170606,4.81361746054395,4.921617694320327,0.8461607098579407,"Jose Quintana",11423,500779
"Brad Lord","WSN",4,9,0,19,19,92,7.141304347826087,2.8369565217391304,1.3695652173913044,0.30223880597014924,0.69548872,0.471428571,0.152173913,94.56661626344086,4.989130434782608,5.007829670584264,4.537310231250266,4.1007886764795884,0.8453513979911804,"Brad Lord",31972,695418
"Grant Holmes","ATL",4,9,0,21,21,114,9.552632218252631,4.263158180046629,1.2631579792730752,0.28865979381443296,0.78643579,0.452145214,0.148148148,94.5063232421875,4.026316058932927,4.587890538123986,4.442153949537955,4.078187662002587,0.8391096591949463,"Grant Holmes",16944,656550
"Michael King","SDP",5,3,0,15,15,73.1,9.327273374194986,3.1909093122246004,1.4727273748728926,0.2631578947368421,0.81117021,0.383084577,0.131868131,93.81741240530303,3.436363874703416,4.260714517140755,4.4169545889294906,4.202840178346685,0.8377293944358826,"Michael King",19853,650633
"Brandon Walter","HOU",1,3,0,9,9,53.2,8.720497307652884,0.6708074852040681,1.6770187130101701,0.2517482517482518,0.84615385,0.447368421,0.185185185,91.69186032046179,3.3540374260203403,3.2531603656048858,4.01091275722321,3.13986780288265,0.8265148997306824,"Brandon Walter",26056,687888
"Chris Paddack","- - -",5,12,0,28,28,145.1,6.316513816733,2.2293578176704707,1.672018363252853,0.2806236080178174,0.68093385,0.352564102,0.12735849,93.73896567841881,5.139908301851363,5.077919415924785,4.951650095567912,4.785471663401415,0.815042108297348,"Chris Paddack",20099,663978
"Logan Henderson","MIL",3,0,0,5,5,25.1,11.723684798977741,2.8421054058127857,1.0657895271797946,0.2545454545454545,0.96153846,0.228070175,0.096774193,93.07905783582089,1.7763158786329911,3.683590994758677,3.016715259631255,3.363843649106018,0.8123263716697693,"Logan Henderson",31475,701656
"Ryan Gusto","- - -",6,7,0,17,17,81.2,8.595918434266993,3.0857143097368693,1.5428571548684347,0.3333333333333333,0.65176909,0.391304347,0.130841121,94.0054325441114,6.281632701964341,4.582881028073095,4.665748575020711,4.457170287882817,0.8054220378398895,"Ryan Gusto",26440,687473
"Eric Lauer","TOR",6,2,0,15,15,74,9,2.189189189189189,1.7027027027027026,0.2961165048543689,0.81989247,0.269406392,0.126126126,91.45681498702422,3.77027027027027,4.313284075767935,4.364866047936517,4.218015560668868,0.7910549640655518,"Eric Lauer",19316,641778
"Corbin Burnes","ARI",3,2,0,11,11,64.1,8.813472199393333,3.6373059870512168,0.9792746888214814,0.25301204819277107,0.80645161,0.502923976,0.14,,2.6580312982297354,3.8563884628967697,3.943426537551502,3.7271617392056062,0.747699499130249,"Corbin Burnes",19361,669203
"Andre Pallante","STL",6,15,0,31,31,162.2,6.141393826681282,3.4303280833715273,1.1618853185613238,0.29457364341085274,0.62203229,0.591337099,0.172131147,94.50006532190635,5.311475741994623,4.302261326080633,4.684316742955219,4.162342507884342,0.7242386937141418,"Andre Pallante",26108,669467
"Slade Cecconi","CLE",7,7,0,23,23,132,7.431818181818182,2.1818181818181817,1.6363636363636365,0.26790450928381965,0.74367089,0.413098236,0.154838709,94.32345655487805,4.295454545454546,4.99924558095375,4.642712075782545,4.089451422700376,0.7225502729415894,"Slade Cecconi",27500,677944
"Martín Pérez","CHW",1,5,0,10,10,52.2,6.835443368039837,3.4177216840199187,1.0253165052059756,0.21379310344827587,0.7312253,0.386666666,0.08219178,89.80964906754032,3.5886077682209145,5.377334842266697,4.350326250302758,5.006281408179626,0.7220786809921265,"Martin Perez",6902,527048
"Randy Vásquez","SDP",6,6,0,26,26,129,5.093023255813954,3.558139534883721,1.1162790697674418,0.25495049504950495,0.78913325,0.393794749,0.084210526,93.43821022727273,3.697674418604651,5.454307648615402,4.964593682547872,5.622969417516575,0.7088044285774231,"Randy Vasquez",24719,681190
"Carmen Mlodzinski","PIT",1,4,0,12,12,48.2,6.657534594472315,2.958904264209918,0.9246575825655994,0.3375796178343949,0.69117647,0.413580246,0.102040816,95.74682125629195,4.993150945854237,5.688946898038592,4.039245954493151,4.255928700575039,0.6967818140983582,"Carmen Mlodzinski",27572,669387
"Dustin May","- - -",6,11,0,23,23,124.2,8.518717011982975,3.6818183695858617,1.5160428580647667,0.2959770114942529,0.69796954,0.42739726,0.15,95.53180584217768,5.197861227650629,5.186420725779437,4.947970635257779,4.489496045602693,0.6928767114877701,"Dustin May",19716,669160
"Jordan Hicks","SFG",1,5,0,9,9,45.1,8.139706110665548,3.176470677332897,0.5955882519999182,0.36231884057971014,0.56686047,0.574468085,0.09090909,97.04142992424242,6.5514707719991,3.9676127479806595,3.5101363287252543,3.7721377490496337,0.690872311592102,"Jordan Hicks",19618,663855
"Mitchell Parker","WSN",8,16,0,30,30,158.1,5.7410528160031875,3.2400001040810067,1.4210526772285117,0.2912621359223301,0.60199005,0.368224299,0.117370892,92.95467139175258,5.854737030181468,6.021307287195799,5.067767959237563,5.089181480249049,0.6880026459693909,"Mitchell Parker",27636,680730
"Ben Brown","CHC",5,5,0,15,15,75.2,9.634361557287866,2.735682911328653,1.6651982938522236,0.3561643835616438,0.6639839,0.434782608,0.16091954,95.9470939217033,6.303964969583418,4.958765889485823,4.469938125183569,3.837312382165172,0.6792300939559937,"Ben Brown",23590,676962
"Sean Newcomb","BOS",0,3,0,5,5,22.1,10.880597634420687,4.432836073282502,0.40298509757113654,0.47692307692307695,0.68075117,0.428571428,0.05,92.86402803308823,4.432836073282502,4.009724017818679,2.9112557084450446,3.7098282746239253,0.6683768033981323,"Sean Newcomb",16943,656794
"Michael McGreevy","STL",7,4,0,16,16,90,5.3,1.9,1.2,0.29591836734693877,0.67829457,0.476973684,0.121212121,92.83487613795518,4.7,4.744522648828322,4.390691873762343,4.353271786703004,0.6608057618141174,"Michael McGreevy",29869,700241
"Brandon Sproat","NYM",0,2,0,4,4,20.2,7.403226034202146,3.0483871905538247,0,0.3103448275862069,0.59259259,0.48275862,0,96.54970703125,4.7903227280131535,4.104939129054932,2.796426630367473,3.8408307144547864,0.6263463497161865,"Brandon Sproat",33850,687075
"Taijuan Walker","PHI",4,7,0,21,21,103.2,5.6430869551554235,2.7781351163842087,1.4758842805791108,0.30149253731343284,0.76804916,0.459770114,0.133858267,92.00120818309294,4.2540193969633195,4.624104818741453,5.0547505132083765,4.811672304469406,0.6067914366722107,"Taijuan Walker",11836,592836
"Ronel Blanco","HOU",3,4,0,9,9,48.1,8.937931269624151,3.724138029010063,1.3034483101535221,0.24193548387096775,0.74152542,0.338582677,0.111111111,93.22238018992932,4.09655183191107,3.181432884284629,4.273067382626529,4.399886216970968,0.5926380157470703,"Ronel Blanco",19407,669854
"Keider Montero","DET",4,3,0,12,12,58,7.137931034482759,3.2586206896551726,1.0862068965517242,0.2976190476190476,0.76923077,0.396551724,0.107692307,93.82090946843854,3.7241379310344827,4.908834585120313,4.307550111310236,4.466395895131703,0.5835065841674805,"Keider Montero",22630,672456
"Andrew Alvarez","WSN",1,1,0,5,5,23.1,7.714286134680946,3.857143067340473,0.38571430673404733,0.22727272727272727,0.7421875,0.56060606,0.05,91.04276789671985,2.314285840404284,2.8658126717046435,3.392279189362819,4.156627215126086,0.5796646475791931,"Andrew Alvarez",29914,674841
"AJ Smith-Shawver","ATL",3,2,0,9,9,44.1,8.526316034024921,4.2631580170124606,0.8120300984785639,0.3064516129032258,0.75342466,0.354330708,0.085106382,95.73576756042296,3.8571429677731786,6.283601495313934,3.902053633436542,4.363596830028104,0.5629348158836365,"AJ Smith-Shawver",29960,700363
"Tanner Gordon","COL",6,8,0,15,15,75.1,7.407080146119794,2.0309735884522016,1.9115045538373663,0.33472803347280333,0.5982906,0.345238095,0.16,92.28884845890411,6.331858834586276,5.88772706191568,5.046640872044153,4.332135489459531,0.56278395652771,"Tanner Gordon",27669,685299
"Luis Gil","NYY",4,1,0,11,11,57,6.473684210526316,5.2105263157894735,0.7894736842105263,0.25609756097560976,0.78378378,0.313609467,0.0625,95.178961489899,3.3157894736842106,4.938018647126277,4.626364388382226,5.649858163532458,0.5621792674064636,"Luis Gil",21052,661563
"Troy Melton","DET",2,1,0,4,4,20.2,8.27419380293181,1.7419355374593284,0.8709677687296642,0.24074074074074073,0.74074074,0.410714285,0.074074074,96.93790108816964,3.0483871905538247,2.9458749797605046,3.1351363182067873,3.8912796398291536,0.55763179063797,"Troy Melton",31807,675512
"David Festa","MIN",3,3,0,10,10,48.2,9.246575825655993,2.958904264209918,1.479452132104959,0.23577235772357724,0.65502183,0.3,0.123076923,94.11282757135827,4.438356396314877,4.938348215624348,4.450204880077862,4.372390947141302,0.5335641503334045,"David Festa",30056,701581
"Max Meyer","MIA",3,5,0,12,12,64.2,9.463917897958574,2.783505264105463,1.670103158463278,0.32786885245901637,0.71243523,0.492227979,0.196721311,95.08325407608696,4.731958948979287,4.781854635487567,4.465033277723842,3.506983212249919,0.51743084192276,"Max Meyer",27474,676974
"Seth Lugo","KCR",8,7,0,26,26,145.1,7.740825958980804,3.4059634219515535,1.6720184071398536,0.2663316582914573,0.79385403,0.389548693,0.154285714,91.99464641434263,4.149082714013711,5.173013341310418,5.089264826962831,4.5305793493074855,0.4965122640132904,"Seth Lugo",12447,607625
"Steven Matz","STL",1,0,0,2,2,9,11,0,0,0.30434782608695654,0.85714286,0.434782608,0,,1,1.9050981849130808,0.6906918737623426,1.8898224519358742,0.4849235713481903,"Steven Matz",13361,571927
"JP Sears","- - -",9,11,0,27,27,135.2,7.761670907166707,2.3882064329743713,1.9901720274786427,0.2868020304568528,0.74125874,0.292857142,0.14084507,92.28648913972134,5.041769136279228,4.227381840938684,5.213760435795592,4.759636157390231,0.47485367953777313,"JP Sears",23429,676664
"Jason Alexander","HOU",4,2,0,13,13,68.1,7.639024958840344,2.5024392106545954,1.5804879225186919,0.27692307692307694,0.78651685,0.461165048,0.181818181,91.76658412388393,3.819512479420172,4.5597625295948285,4.686355945864022,3.8925236152123093,0.4731091260910034,"Jason Alexander",19666,669920
"Luis Morales","ATH",4,3,0,9,9,46.2,8.292857594782017,3.278571607239402,1.5428572269361893,0.2231404958677686,0.86124402,0.356589147,0.137931034,97.2782960199005,3.0857144538723786,4.322643971619283,4.677993545142977,4.365583819362641,0.4619889557361603,"Luis Morales",32227,806960
"Kyle Harrison","- - -",1,1,0,6,6,27.1,9.548780932020836,3.6219513880079033,0.9878049240021554,0.34177215189873417,0.73369565,0.405063291,0.107142857,94.37724926669675,4.609756312010059,4.63928149800812,3.6473314639856826,3.7998449155043907,0.45844098925590515,"Kyle Harrison",27758,690986
"Cade Cavalli","WSN",3,1,0,10,10,48.2,7.397260660524795,2.773972747696798,1.2945206155918392,0.32679738562091504,0.72507553,0.5477707,0.175,96.92650374745935,4.253424879801757,4.139990627001614,4.532396665194804,3.929716618463715,0.45738735795021057,"Cade Cavalli",27473,676917
"Trey Yesavage","TOR",1,0,0,3,3,14,10.285714285714286,4.5,0,0.3333333333333333,0.75,0.538461538,0,94.79262514467592,3.2142857142857144,4.086841801837275,2.3494220324925017,3.2304159266608106,0.4469996690750122,"Trey Yesavage",35456,702056
"Bailey Falter","- - -",7,6,0,24,24,121.1,5.711538700964737,3.263736400551278,1.40934071841987,0.24507042253521127,0.71543408,0.359459459,0.11728395,92.26700120192308,4.153846327974354,4.887749780586534,5.014257276099947,5.03701910944463,0.4449087008833885,"Bailey Falter",20070,663559
"J.T. Ginn","ATH",4,7,0,16,16,75,9.6,3.36,1.8,0.31527093596059114,0.73913043,0.532110091,0.234375,92.69905090332031,5.28,4.170343656962721,4.961802984873454,3.6774205334981285,0.42150023579597473,"J.T. Ginn",27889,669372
"Trevor McDonald","SFG",1,0,0,2,2,13,9,0.6923076923076923,0.6923076923076923,0.2571428571428571,0.72916667,0.5,0.125,,0.6923076923076923,2.760704970812865,2.365905548976018,2.314668204234197,0.4150172770023346,"Trevor McDonald",26448,686790
"Charlie Morton","- - -",9,10,0,27,27,125.2,9.453581021427551,4.58355443463154,1.4323607608223563,0.3361581920903955,0.69312169,0.440217391,0.157480314,94.21020767962347,6.087533233495015,4.702012476602459,4.965375068146464,4.454506836052858,0.4097603037953377,"Charlie Morton",4676,450203
"Max Scherzer","TOR",5,5,0,17,17,85,8.68235294117647,2.4352941176470586,2.011764705882353,0.29310344827586204,0.73770492,0.270916334,0.139705882,93.52647697855029,5.188235294117647,4.618074147134479,4.993959847618552,4.55486039834864,0.3993212580680847,"Max Scherzer",3137,453286
"Ryan Feltner","COL",0,2,0,6,6,30.1,7.417582728525632,3.5604397096923037,1.186813236564101,0.30851063829787234,0.7106599,0.484536082,0.111111111,94.10423101380815,4.747252946256404,3.2991996029525077,4.387883623468894,4.503354463450176,0.3959202766418457,"Ryan Feltner",21446,663372
"Kolby Allard","CLE",0,0,0,2,2,7.1,9.818182243788556,0,0,0.2631578947368421,0.6,0.210526315,0,89.87672280365567,2.454545560947139,2.0394727260044117,0.9533180418093301,3.2659271142500446,0.39120617508888245,"Kolby Allard",18694,663465
"Yoendrys Gómez","CHW",2,2,0,9,9,45,9,2.8,1.8,0.25833333333333336,0.6981982,0.362204724,0.157894736,94.01220910904256,4.6,4.117274671930853,4.868469651540121,4.221339450279872,0.3816421926021576,"Yoendrys Gomez",22872,672782
"Sean Manaea","NYM",1,3,0,12,12,51.1,11.045455639871934,2.1038963123565586,1.9285716196601788,0.3053435114503817,0.65934066,0.366906474,0.192982456,91.58724883436945,5.961039551676916,4.340037715187627,4.576694902599244,3.5029118275683153,0.3755594789981842,"Sean Manaea",15873,640455
"Yu Darvish","SDP",5,5,0,15,15,72,8.5,2.375,1.75,0.2751322751322751,0.65826331,0.39800995,0.16091954,93.80017546791444,5.375,3.6248638108638183,4.815691873762343,4.150849101361302,0.3708169758319855,"Yu Darvish",13074,506433
"Cal Quantrill","- - -",4,12,0,26,26,117.2,6.501416623803327,2.6770539039190173,1.6827195967490964,0.3114754098360656,0.65426997,0.338541666,0.13253012,93.59377245440531,6.042493097417211,5.758728084707704,5.140802100190559,4.885238859643012,0.36597365140914917,"Cal Quantrill",19312,615698
"Ben Lively","CLE",2,2,0,9,9,44.2,5.84328391478148,3.0223882317835242,1.2089552927134097,0.25,0.82959641,0.291044776,0.085714285,90.22509559599156,3.2238807805690923,4.615965463599837,4.590360281658114,5.260250290745492,0.36580759286880493,"Ben Lively",14932,594902
"Nabil Crismatt","ARI",2,0,0,5,5,26,5.884615384615385,1.3846153846153846,1.0384615384615385,0.2857142857142857,0.68345324,0.404761904,0.1,88.96027741608796,3.1153846153846154,4.0552927959436404,3.9043670874375564,4.1832970660466415,0.35796189308166504,"Nabil Crismatt",17732,622503
"Javier Assad","CHC",3,1,0,7,7,34.2,5.711538880534457,2.5961540366065714,0.7788462109819714,0.2692307692307692,0.73529412,0.476635514,0.088235294,91.86271398207721,3.8942310549098567,4.793170642211831,4.202444088811711,4.589534599026224,0.35366928577423096,"Javier Assad",21741,665871
"Jack Dreyer","LAD",0,1,0,5,5,8.1,6.480000247192392,1.080000041198732,0,0.32142857142857145,0.4,0.428571428,0,92.84458414713542,6.480000247192392,2.7556271300350352,2.0551362770080552,3.535206075670996,0.32563215494155884,"Jack Dreyer",30249,676263
"José Suarez","ATL",1,0,0,1,1,7,11.571428571428571,2.5714285714285716,0,0.3333333333333333,0.75,0.555555555,0,93.74898856026786,2.5714285714285716,2.214627419729135,1.420850603921073,2.522092971631459,0.3228723704814911,"Jose Suarez",19911,660761
"Tyler Wells","BAL",2,1,0,4,4,21.2,7.476923296324607,0.8307692551471785,1.661538510294357,0.22413793103448276,0.89552239,0.338709677,0.117647058,92.5215625,2.907692393015125,3.610339939778548,4.150520963386672,4.169865734862677,0.31655049324035645,"Tyler Wells",20000,669330
"Ryan Yarbrough","NYY",3,1,0,8,8,40,7.425,2.475,1.575,0.24770642201834864,0.80110497,0.391304347,0.134615384,88.23715767809139,3.825,3.9633948078370973,4.660136318206787,4.38939742743969,0.30079761147499084,"Ryan Yarbrough",16502,642232
"Germán Márquez","COL",3,16,0,26,26,126.1,5.912928997952866,3.4195252036353927,1.6385224934086255,0.33642691415313225,0.61116965,0.370535714,0.125,94.87457857883817,6.696570190452643,5.7669902895302085,5.470228760504104,5.348962533370095,0.2983991801738739,"German Marquez",15038,608566
"Shane Bieber","TOR",4,2,0,7,7,40.1,8.256198607395854,1.5619835203181345,1.785124023220725,0.24528301886792453,0.84415584,0.48245614,0.210526315,92.65788043478261,3.57024804644145,4.492425587729941,4.473979335622331,3.3480146876170696,0.29509806632995605,"Shane Bieber",19427,669456
"Miles Mikolas","STL",8,11,0,31,31,156.1,5.756929824826819,2.130064035185923,1.6695096491997774,0.28,0.72446556,0.401904761,0.129464285,92.92760263929618,4.835821052854527,5.26684197638802,5.034923160399638,4.8324686112583155,0.2942189872264862,"Miles Mikolas",9803,571945
"Tyler Alexander","- - -",1,2,0,5,5,17.1,7.7884625383384005,4.67307752300304,0.5192308358892267,0.30357142857142855,0.52631579,0.259259259,0.04347826,90.28858627507717,5.192308358892267,5.539803368223761,3.8851364144912264,5.180906056241589,0.2936079651117325,"Tyler Alexander",17735,641302
"Valente Bellozo","MIA",0,3,0,6,6,25,6.480000494384804,3.9600003021240466,1.0800000823974671,0.2638888888888889,0.77922078,0.283783783,0.075,90.858078125,3.6000002746582243,4.511510878239128,4.815136446380626,5.72191941923394,0.29103031754493713,"Valente Bellozo",23899,678368
"Joe Boyle","TBR",1,4,0,9,9,38,11.131578947368421,5.684210526315789,1.1842105263157894,0.3368421052631579,0.61403509,0.45,0.128205128,98.48757860137195,5.684210526315789,4.859745513789984,4.503557370838366,4.3753424570748685,0.2832035422325134,"Joe Boyle",29608,671212
"Kumar Rocker","TEX",4,5,0,14,14,64.1,7.834197510571851,3.2176168346991534,1.5388602252908994,0.31088082901554404,0.6779661,0.48275862,0.177419354,95.89677435862446,5.735751748811534,5.7365986239702424,4.876069098333865,4.13909242116502,0.27726396918296814,"Kumar Rocker",31843,677958
"DL Hall","MIL",0,0,0,3,3,9,9,5,0,0.14285714285714285,0.875,0.238095238,0,93.67775819359755,1,3.0795673779888078,2.801802984873454,4.343542299667995,0.23846553266048431,"DL Hall",22207,669084
"Kai-Wei Teng","SFG",1,4,0,7,7,24.2,12.770271586884327,5.837838439718549,0.7297298049648187,0.39344262295081966,0.54112554,0.354838709,0.086956521,93.23223691998106,7.662162952130596,4.616462841704697,4.14864993621348,4.532163661170248,0.23315906524658203,"Kai-Wei Teng",24282,678906
"Johan Oviedo","PIT",2,1,0,9,9,40.1,9.371901121908806,5.132231566759584,1.3388430174155437,0.20833333333333334,0.80275229,0.303921568,0.12,95.27612106199187,3.57024804644145,4.162816984340966,4.920260341427513,4.897623127649222,0.22703209519386292,"Johan Oviedo",22487,670912
"Jack Perkins","ATH",3,1,0,4,4,19,8.526315789473685,5.2105263157894735,0.9473684210526315,0.2692307692307692,0.63492063,0.314814814,0.071428571,95.62302609707447,5.684210526315789,4.616271480746794,4.503557370838366,5.407173203167162,0.2233286052942276,"Jack Perkins",31468,678022
"Colton Gordon","HOU",4,4,0,14,14,70,7.8428571428571425,1.6714285714285715,2.1857142857142855,0.3302752293577982,0.74812968,0.30472103,0.17,90.9795122813786,5.4,4.463471277151009,5.192279175349644,4.237621053627559,0.21546001732349396,"Colton Gordon",31312,676467
"Sean Burke","CHW",4,9,0,22,22,104,8.221153846153847,4.586538461538462,1.7307692307692308,0.2925170068027211,0.73333333,0.349514563,0.142857142,94.44691358024691,4.586538461538462,5.513327646016817,5.45244401051448,5.027862318891746,0.2151220440864563,"Sean Burke",29878,680732
"Jonah Tong","NYM",2,3,0,5,5,18.2,10.607143218420003,4.33928586208091,1.4464286206936365,0.39622641509433965,0.45138889,0.375,0.142857142,95.05465999119718,7.714285977032729,4.959553880204564,4.313707786920121,3.9588787896928608,0.19609200954437256,"Jonah Tong",32157,804636
"Ryan Weathers","MIA",2,2,0,8,8,38.1,8.686956809896612,2.8173913978043066,1.6434783153858454,0.27522935779816515,0.74626866,0.434782608,0.155555555,96.81825198668385,3.9913044802227677,3.957883485651979,4.596005931883094,4.031960760975281,0.19437551498413086,"Ryan Weathers",23796,677960
"Hayden Wesneski","HOU",1,3,0,6,6,32,8.15625,1.6875,1.96875,0.25,0.76335878,0.380434782,0.184210526,93.97473538306451,4.5,4.286758046282243,4.822636318206787,3.809701754525304,0.18056605756282806,"Hayden Wesneski",27581,669713
"Carson Spiers","CIN",0,2,0,2,2,9.1,7.714285977032729,2.892857241387273,0.9642857471290911,0.2692307692307692,0.66037736,0.346153846,0.1,92.05893776633523,4.821428735645456,6.339025834143802,4.099422065335879,4.358428482866021,0.16979797184467316,"Carson Spiers",27685,686730
"Mason Barnett","ATH",1,1,0,5,5,22.1,7.253731756280458,4.432836073282502,1.2089552927134097,0.323943661971831,0.59171598,0.351351351,0.09375,94.42475373641304,6.850746658709322,3.895589653208341,4.881405074348379,5.3441957607018455,0.16425198316574097,"Mason Barnett",31741,686930
"AJ Blubaugh","HOU",0,1,0,3,3,11,12.272727272727273,4.909090909090909,1.6363636363636365,0.25,0.625,0.269230769,0.153846153,93.82820277931415,1.6363636363636365,3.7081077793105224,4.40786359093406,3.86628278114579,0.15587067604064941,"AJ Blubaugh",31764,805123
"Albert Suárez","BAL",0,0,0,1,1,3,15,3,0,0.3333333333333333,0.66666667,0.166666666,0,93.88993696732955,3,3.630253425448255,0.8018029848734542,2.8574554045995084,0.15423257648944855,"Albert Suarez",6175,544150
"Mitch Farris","LAA",1,3,0,5,5,24.1,8.876712792629753,4.0684933632886375,1.479452132104959,0.29850746268656714,0.55921053,0.214285714,0.117647058,90.47607905321782,6.657534594472315,5.616476039849566,4.7789720205456305,4.796196817460022,0.14937254786491394,"Mitch Farris",33628,815083
"Tyler Gilbert","CHW",0,0,0,5,5,6.2,10.80000102996836,2.70000025749209,1.350000128746045,0.23076923076923078,1,0.5,0.2,91.18016357421875,1.350000128746045,3.4363200616583987,3.585136361122136,2.7914407715253313,0.1483246088027954,"Tyler Gilbert",17964,656457
"JT Brubaker","SFG",0,0,0,1,1,4,9,2.25,0,0.3333333333333333,0.6,0.5,0,,4.5,4.926281733379469,1.8851363182067873,3.0414408043026926,0.1406038999557495,"JT Brubaker",17578,664141
"Andrew Heaney","PIT",5,10,0,23,23,117,6.384615384615385,2.8461538461538463,1.6153846153846154,0.268361581920904,0.73152338,0.365853658,0.139072847,90.15553066724942,4.846153846153846,5.423225890944853,5.229153412223882,4.885586203112561,0.13812945783138275,"Andrew Heaney",15423,571760
"Elvis Peguero","CHW",0,0,0,1,1,1.2,16.20000617981193,0,0,0.75,0.66666667,0.25,0,,5.400002059937309,2.9848906816211653,-0.4648650550847524,0.4601788866682317,0.1373496949672699,"Elvis Peguero",21652,665625
"David Morgan","SDP",0,0,0,2,2,3.1,8.10000077247627,2.70000025749209,0,0.4166666666666667,0.83333333,0.25,0,97.57761146282327,2.70000025749209,4.572238108363522,2.235136232376091,4.0852235865676185,0.13241034746170044,"David Morgan",31616,688158
"Hayden Birdsong","SFG",3,4,0,10,10,42.1,9.141732558054663,5.740157652731997,1.2755905894959996,0.2966101694915254,0.62300319,0.354838709,0.105263157,95.27153129692192,6.165354515897331,4.768233085998483,5.072144250404417,5.3055097915074505,0.13010625541210175,"Hayden Birdsong",31635,806185
"Brant Hurter","DET",0,1,0,4,4,7,10.285717088349775,5.142858544174888,0,0.2857142857142857,0.58333333,0.4,0,92.21658325195312,1.285714636043722,4.572086883247244,3.420850681772059,5.182838950212378,0.13001622259616852,"Brant Hurter",30133,676428
"Adam Mazur","MIA",0,4,0,6,6,30,5.7,3.6,1.2,0.2815533980582524,0.61881188,0.429906542,0.1,94.72486812232906,4.8,5.0969620148106145,4.901802984873454,5.224122071266175,0.12701915204524994,"Adam Mazur",31900,800049
"Thomas Hatch","MIN",1,0,0,1,1,5,7.2,5.4,0,0.23076923076923078,0.83333333,0.384615384,0,92.44245741102431,1.8,2.9177974114796656,3.3351363182067875,5.493571358919144,0.12699580192565918,"Thomas Hatch",19264,641672
"Huascar Brazobán","NYM",0,0,0,3,3,4,11.25,6.75,0,0,1,0.285714285,0,96.70960150824652,0,2.4967704581872794,2.8851363182067873,4.812310461699963,0.12229989469051361,"Huascar Brazoban",6107,623211
"Aaron Ashby","MIL",0,0,0,1,1,2,13.5,0,0,0,1,0.333333333,0,,0,0.49890408153974164,0.1351363182067873,0.9060059756040575,0.11918030679225922,"Aaron Ashby",23550,676879
"Paul Blackburn","NYM",0,3,0,4,4,14.1,7.534884389379137,3.7674421946895684,1.2558140648965228,0.3541666666666667,0.68965517,0.42,0.1,92.50382133152173,5.651163292034353,5.282112078409459,4.739787623352344,5.077098325082824,0.1183585524559021,"Paul Blackburn",14739,621112
"Louis Varland","TOR",0,0,0,1,1,2,13.5,0,0,0,1,0,0,98.78524780273438,0,0.5266907355648514,0.1351363182067873,2.447745290398598,0.11685267835855484,"Louis Varland",27691,686973
"Keegan Akin","BAL",0,0,0,3,3,3.2,12.272729400761241,7.363637640456744,0,0.14285714285714285,1,0.428571428,0,93.74021809895834,0,3.920925432562501,2.8624089981898706,4.123832292655767,0.1162177249789238,"Keegan Akin",19362,669211
"Steven Okert","HOU",0,0,0,1,1,1.2,10.800004119874618,0,0,0.25,0,0.75,0,90.8002685546875,5.400002059937309,2.370440694491696,0.7351354026790942,1.660179344432078,0.11148673295974731,"Steven Okert",13580,595345
"Tyler Anderson","LAA",2,8,0,26,26,136.1,6.8655259285076085,3.7628363262012856,1.8484108269058945,0.2628992628992629,0.7830552,0.292626728,0.127853881,89.36154368729098,4.555012394875241,5.059725395852353,5.599684087414647,5.40634112132622,0.11074844747781754,"Tyler Anderson",12880,542881
"Brent Suter","CIN",0,0,0,3,3,8,4.5,1.125,1.125,0.3076923076923077,0.81395349,0.461538461,0.111111111,,2.25,3.7154543660437325,4.135136318206787,4.244593047350645,0.10668795555830002,"Brent Suter",13942,608718
"José De León","BOS",1,0,0,1,1,6.2,10.80000102996836,4.050000386238135,1.350000128746045,0.4375,0.83333333,0.294117647,0.125,90.55995686848958,4.050000386238135,3.2637771221639937,4.035136404037484,3.935223572262503,0.10423962771892548,"Jose De Leon",15463,592254
"Chase Dollander","COL",2,12,0,21,21,98,7.530612831163432,4.500000350329368,1.653061353182217,0.2972027972027972,0.61746988,0.427152317,0.155172413,97.99836000576701,6.520408670885411,5.10325823232556,5.533095688563707,4.970256466339668,0.10041908919811249,"Chase Dollander",33482,801403
"Brennan Bernardino","BOS",0,1,0,3,3,3.1,10.800004119874618,5.400002059937309,0,0.3333333333333333,0.8,0.666666666,0,,2.7000010299686545,2.4155272452328678,2.535136089324864,2.997658060201356,0.09748837351799011,"Brennan Bernardino",16835,657514
"Drew Pomeranz","CHC",0,0,0,4,4,3.1,10.80000102996836,5.40000051498418,0,0.2857142857142857,0.5,0,0,92.39017555930398,5.40000051498418,6.865998500085672,2.5351362609863233,4.385223615177851,0.09464873373508453,"Drew Pomeranz",11426,519141
"Tyler Phillips","MIA",0,0,0,1,1,2.2,10.125002413988689,3.3750008046628963,0,0.16666666666666666,0.5,0.333333333,0,,3.3750008046628963,1.0637126072641938,2.010136049985822,3.7445931926564873,0.0944853350520134,"Tyler Phillips",20629,663969
"Tanner Banks","PHI",0,0,0,1,1,2,9,0,0,0.3333333333333333,1,0.666666666,0,93.17715890066964,0,3.371089250666096,1.1351363182067873,1.1351363182067873,0.09436371922492981,"Tanner Banks",16990,621383
"Jayden Murray","HOU",0,0,0,1,1,3,3,0,0,0.1111111111111111,1,0.666666666,0,95.9857177734375,0,3.1244357581665647,2.468469651540121,3.496295861403148,0.09228780120611191,"Jayden Murray",26482,681151
"Chris Devenski","NYM",0,0,0,1,1,2,9,0,0,0.2,1,0.2,0,93.30186971028645,0,0.49870816504164867,1.1351363182067873,3.447745290398598,0.09214974194765091,"Chris Devenski",12763,606965
"Anthony Veneziano","MIA",0,0,0,1,1,2,9,0,0,0.42857142857142855,1,0.333333333,0,92.76929931640625,0,5.7160273121548055,1.1351363182067873,1.9060059756040575,0.09205839037895203,"Anthony Veneziano",27453,685107
"Lake Bachar","MIA",0,1,0,1,1,2,9,0,0,0.3333333333333333,0,0.333333333,0,94.67112821691177,9,5.489876796521786,1.1351363182067873,3.447745290398598,0.09197203069925308,"Lake Bachar",19222,669199
"Shawn Armstrong","TEX",0,1,0,2,2,4,13.5,2.25,2.25,0,0,0.142857142,0.2,93.47311197916666,4.5,2.0191273686959375,4.135136318206787,2.812310461699963,0.09076976776123047,"Shawn Armstrong",12857,542888
"Paxton Schultz","TOR",0,0,0,2,2,4.2,9.64285845659235,0,1.9285716913184698,0.3076923076923077,0.55555556,0.285714285,0.111111111,94.41147641782408,5.7857150739554095,4.34052074655874,3.7779935486462772,3.965633681313973,0.09030038118362427,"Paxton Schultz",25501,687606
"Matt Gage","SFG",0,0,0,2,2,2,9,0,0,0,1,0.5,0,92.86205037434895,0,0.3445672623483436,1.1351363182067873,2.6768756330013277,0.08678796142339706,"Matt Gage",17381,657424
"Kyle Leahy","STL",0,0,0,1,1,3,3,0,0,0.125,1,0.5,0,95.66093306107955,0,1.7718076033382988,2.468469651540121,3.496295861403148,0.08664160966873169,"Kyle Leahy",24763,681517
"Grant Taylor","CHW",0,1,0,2,2,2,13.5,4.5,0,0.4,0.33333333,0.6,0,98.75258091517857,9,1.4598854780597625,1.6351363182067873,3.1768756330013277,0.08315440267324448,"Grant Taylor",33927,691799
"Frankie Montas","NYM",3,2,0,7,7,33.2,7.752475833135611,2.673267528667452,1.8712872700672165,0.3333333333333333,0.64814815,0.423423423,0.159090909,95.53048185022865,6.68316882166863,5.20998140393014,5.095532505896252,4.40750858811084,0.08254292607307434,"Frankie Montas",14309,593423
"Luis Garcia","HOU",1,0,0,2,2,7.2,8.217391985801363,1.1739131408287662,2.3478262816575324,0.058823529411764705,0.90909091,0.263157894,0.181818181,91.18154296875,3.521739422486299,2.1328906116964257,5.48296259986432,4.303718910255233,0.07997837662696838,"Luis Garcia",23735,677651
"Jonathan Cannon","CHW",3,9,0,17,17,82.1,7.105263596832868,3.6072876722382254,1.858299709940904,0.3046875,0.70512821,0.372693726,0.147826086,93.8631564262218,5.90283437275346,5.958182870118587,5.625015014532836,5.094246008481111,0.07948052138090134,"Jonathan Cannon",31730,686563
"Wandy Peralta","SDP",0,0,0,1,1,1.1,13.500003218651585,0,0,0,1,0,0,,0,6.490220295409106,0.13513560295087945,2.4477451265117667,0.07731122523546219,"Wandy Peralta",14295,593974
"Marcus Stroman","NYY",3,2,0,9,9,39,6.00000058687656,3.692308053462498,1.384615520048437,0.304,0.65298507,0.465116279,0.130434782,89.63962227957589,6.230769840217966,5.85484592864607,5.186418570130398,5.00488030828515,0.07207655906677246,"Marcus Stroman",13431,573186
"Brad Keller","CHC",0,0,0,1,1,1,18,0,0,0,1,0,0,,0,3.268462251327127,-0.8648636817932127,0.6768756330013277,0.07026027143001556,"Brad Keller",15734,641745
"Rob Zastryzny","MIL",0,0,0,1,1,1,18,0,0,0,1,1,0,91.74653843470982,0,0.6875471622370433,-0.8648636817932127,-0.8648636817932127,0.070161834359169,"Rob Zastryzny",15094,642239
"Danny Coulombe","MIN",0,0,0,1,1,1,18,0,0,0.6666666666666666,0.5,0.333333333,0,89.74140167236328,9,7.7877175344563625,-0.8648636817932127,-0.8648636817932127,0.0698450580239296,"Danny Coulombe",13293,543056
"Reed Garrett","NYM",0,0,0,1,1,1,18,0,0,0,1,1,0,,0,0.7101416828943039,-0.8648636817932127,-0.8648636817932127,0.06976519525051117,"Reed Garrett",16866,657585
"Angel Zerpa","KCR",0,0,0,2,2,2,4.5,0,0,0.16666666666666666,1,0.666666666,0,97.77596435546874,0,0.6072137259311208,2.1351363182067873,2.9060059756040575,0.0684981569647789,"Angel Zerpa",22717,672582
"Jackson Jobe","DET",4,1,0,10,10,49,7.163265306122449,4.959183673469388,1.2857142857142858,0.2727272727272727,0.78220859,0.432432432,0.120689655,96.7483771829044,4.224489795918367,4.912403047515028,5.1759526447374,5.143725711228896,0.06690920889377594,"Jackson Jobe",30203,695549
"Joe Ross","PHI",0,0,0,1,1,2,9,4.5,0,0.5,0.75,0.166666666,0,93.18302154541016,4.5,9.125241788808491,2.6351363182067873,5.718614947795868,0.05828600376844406,"Joe Ross",12972,605452
"Tomoyuki Sugano","BAL",10,10,0,30,30,157,6.076433121019108,2.0636942675159236,1.89171974522293,0.2845528455284553,0.77283372,0.40229885,0.156398104,92.71257716049382,4.643312101910828,5.78725270152475,5.35806625451252,4.697601257198176,0.05778937041759491,"Tomoyuki Sugano",35321,608372
"Griffin Jax","TBR",0,0,0,2,2,2,9,4.5,0,0.5,1,0.5,0,96.87944946289062,0,3.1501999557803844,2.6351363182067873,2.6351363182067873,0.056271735578775406,"Griffin Jax",20253,643377
"Cole Sands","MIN",0,0,0,3,3,5,7.2,0,1.8,0.15384615384615385,1,0.428571428,0.166666666,94.68919462316177,1.8,2.495731724398065,4.135136318206787,3.385223495960236,0.054544173181056976,"Cole Sands",21461,663485
"Cooper Criswell","BOS",0,0,0,1,1,7,5.142857142857143,2.5714285714285716,1.2857142857142858,0.3,1,0.523809523,0.142857142,,1.2857142857142858,4.753535242908775,4.7065648896353585,4.391161347287042,0.05433717742562294,"Cooper Criswell",24975,681867
"Justin Steele","CHC",3,1,0,4,4,22.2,8.338235527998854,1.9852941733330607,1.9852941733330607,0.26666666666666666,0.75,0.415384615,0.217391304,,4.764706015999345,4.975320175807622,4.943959898354687,3.6407247547532093,0.0489722415804863,"Justin Steele",17312,657006
"Ryan Rolison","COL",0,0,0,1,1,1,9,0,0,0.3333333333333333,1,0.333333333,0,93.02787780761719,0,3.4741600065400235,1.1351363182067873,2.6768756330013277,0.04674815759062767,"Ryan Rolison",22200,669020
"Justin Topa","MIN",0,0,0,1,1,1,9,0,0,0.6,0.66666667,0.2,0,,9,5.396362870248973,1.1351363182067873,4.218614947795868,0.04563922807574272,"Justin Topa",15145,623437
"Rico Garcia","BAL",0,0,0,1,1,1,9,0,0,0.5,1,0.5,0,96.83167375837054,0,2.4982252420052062,1.1351363182067873,2.6768756330013277,0.04552857577800751,"Rico Garcia",20023,670329
"Ryan Brasier","CHC",0,0,0,1,1,1,9,0,0,0,1,1,0,93.40369873046875,0,2.70896513068312,1.1351363182067873,1.1351363182067873,0.044852517545223236,"Ryan Brasier",5615,518489
"Beau Brieske","DET",0,0,0,1,1,1.1,13.500003218651585,6.750001609325793,0,0,1,0.5,0,95.9180908203125,0,1.015526498034931,2.3851361393928103,3.541440901173254,0.04043840989470482,"Beau Brieske",26079,689225
"Lou Trivino","LAD",0,0,0,2,2,2,4.5,0,0,0.3333333333333333,0.66666667,0.5,0,94.91844831194196,4.5,5.356517402028702,3.6351363182067873,5.176875633001328,0.03711167350411415,"Lou Trivino",15043,642152
"Casey Legumina","SEA",0,0,0,1,1,1,9,9,0,0.3333333333333333,1,0.333333333,0,93.26392473493304,0,2.668825554313652,4.135136318206787,7.218614947795868,0.031597137451171875,"Casey Legumina",25921,668984
"Austin Cox","ATL",0,0,0,1,1,0.1,27.000028163224034,0,0,1,0.66666667,1,0,90.53404017857143,27.000028163224034,1.3622927587210514,-2.864869940287442,-2.864869940287442,0.03086026944220066,"Austin Cox",24604,680735
"Bryce Miller","SEA",4,6,0,18,18,90.1,7.37269414206046,3.3874540652710223,1.6937270326355112,0.2878787878787879,0.6873823,0.379061371,0.154545454,95.0196042640187,5.678967109424949,5.297150184074358,5.172036801899167,4.602937042483761,0.02594541199505329,"Bryce Miller",29837,682243
"Grant Holman","ATH",0,0,0,2,2,2.1,0,3.8571433826369397,0,0.125,1,0.25,0,94.06592610677083,0,7.036028819936865,4.420850779085767,7.724578332314085,0.021364698186516762,"Grant Holman",30002,680880
"Davis Daniel","ATL",0,1,0,2,2,9,8,7,1,0.3076923076923077,0.68493151,0.333333333,0.076923076,89.50874364098837,6,7.218105594837884,5.135136318206787,5.917648661798902,0.012223949655890465,"Davis Daniel",27582,669721
"Erick Fedde","- - -",4,12,0,24,24,120.2,5.593922769829403,4.325966942001405,1.1933701908969392,0.2868421052631579,0.66625917,0.403100775,0.103225806,93.27163696289062,5.519337132898344,5.462479346021057,5.132373929360693,5.389028026978307,0.011804375448264182,"Erick Fedde",17425,607200
"Sean Guenther","DET",0,1,0,1,1,0.1,0,0,0,1,0.66666667,0.333333333,0,,27.000028163224034,28.24715782190998,3.1351363182067877,3.1351363182067877,0.007200154010206461,"Sean Guenther",20045,674944
"Jared Shuster","CHW",0,0,0,2,2,2,4.5,4.5,0,0.5454545454545454,0.5,0.727272727,0,93.38302176339286,18,4.846601964549809,5.135136318206787,6.676875633001328,0.0046625761315226555,"Jared Shuster",27472,694363
"Luis F. Castillo","SEA",0,0,0,2,2,7,6.428571428571429,9,0,0.41379310344827586,0.63157895,0.37037037,0,92.5272549715909,7.714285714285714,6.78466328825289,4.7065648896353585,6.6888011515140535,0.00021117979486007243,"Luis F. Castillo",20638,622379
"Shinnosuke Ogasawara","WSN",0,1,0,2,2,6.2,5.40000051498418,1.350000128746045,1.350000128746045,0.4166666666666667,0.55555556,0.52,0.166666666,90.62886439732142,9.450000901222316,5.773106167739088,5.235136518478413,4.672701848155549,-0.0023728052619844675,"Shinnosuke Ogasawara",35324,829272
"Brandon Eisert","CHW",0,0,0,3,3,3,3,0,3,0.2,0.625,0.545454545,0.25,90.86414683948864,6,3.2124972313392166,6.801802984873454,4.524122071266175,-0.004919877741485834,"Brandon Eisert",27668,685126
"Ian Hamilton","NYY",0,1,0,1,1,1,0,9,0,0.5,0.25,0.333333333,0,94.98825073242188,27,4.4080846142853485,6.135136318206787,9.218614947795867,-0.010861731134355068,"Ian Hamilton",19261,641656
"Cade Gibson","MIA",0,0,0,1,1,1,0,9,0,0.3333333333333333,0.5,0.333333333,0,91.0672607421875,9,6.685389427880907,6.135136318206787,7.676875633001328,-0.011983264237642288,"Cade Gibson",31815,806188
"Mick Abel","- - -",3,3,0,8,8,34,8.470588235294118,3.176470588235294,2.1176470588235294,0.2903225806451613,0.76086957,0.306930693,0.173913043,96.06862229567308,5.294117647058823,5.264684178477584,5.458665729971493,4.485724802928813,-0.012266784906387329,"Mick Abel",27756,690953
"Dietrich Enns","- - -",1,1,0,3,3,11.2,7.714286134680946,3.0857144538723786,2.314285840404284,0.25,0.55555556,0.485714285,0.25,93.25404531744462,6.171428907744757,3.7996481400639888,5.7922793201524465,4.03521109104564,-0.017015010118484497,"Dietrich Enns",13932,608650
"Sawyer Gipson-Long","DET",0,2,0,3,3,13,7.615385174045942,3.4615387154754282,2.076923229285257,0.2894736842105263,0.47297297,0.31707317,0.1875,92.83200120192308,8.307692917141027,7.4523689051306805,5.596674960322648,4.494200189961938,-0.02402721345424652,"Sawyer Gipson-Long",26048,687830
"Antonio Senzatela","COL",4,15,0,23,23,108,4.916667013992522,3.1666668903680653,1.5833334451840326,0.37626262626262624,0.6276824,0.470731707,0.145038167,95.00319870283019,7.41666719059889,7.190600088483154,5.579580935333013,5.162616556230226,-0.027727581560611725,"Antonio Senzatela",15488,622608
"Fraser Ellard","CHW",0,0,0,3,3,3.2,12.272732592813576,17.181825629939006,0,0.25,0.88888889,0.5,0,95.68629807692308,0,5.073273779337217,6.135137618672328,6.976086700374596,-0.031333282589912415,"Fraser Ellard",29530,686642
"Sean Hjelle","SFG",0,0,0,1,1,3.2,12.272729400761241,4.909091760304496,2.454545880152248,0.25,0.83333333,0.333333333,0.25,,4.909091760304496,4.374169602520499,5.589682198359036,3.72612476409365,-0.03199585899710655,"Sean Hjelle",21481,663546
"Brady Basso","ATH",0,1,0,1,1,1.1,0,13.500003218651585,0,0.42857142857142855,0.8,0.571428571,0,92.3791015625,6.750001609325793,13.591163894828211,7.635137391090649,9.947746914651535,-0.033255599439144135,"Brady Basso",25582,669620
"Ben Casparius","LAD",0,1,0,3,3,9.2,8.379310895940248,1.8620690879867217,2.7931036319800824,0.3448275862068966,0.74074074,0.21875,0.142857142,96.51428429555085,6.517241807953526,8.89402720223803,5.928239950186869,5.2430528993305066,-0.04102974385023117,"Ben Casparius",30085,676508
"Matt Sauer","LAD",0,0,0,1,1,4,4.5,4.5,2.25,0.09090909090909091,0.76923077,0.5,0.2,92.76997884114583,4.5,3.945164489259251,6.885136318206787,5.562310461699963,-0.04201865941286087,"Matt Sauer",22284,669422
"Doug Nikhazy","CLE",0,1,0,1,1,3,9,18,0,0.45454545454545453,0.45454545,0.181818181,0,89.96630859375,18,11.889752757584361,7.135136318206788,10.218614947795869,-0.04286643862724304,"Doug Nikhazy",30142,680951
"Tobias Myers","MIL",1,1,0,6,6,22.1,7.253731756280458,4.835821170853639,1.6119403902845462,0.36,0.78125,0.35064935,0.133333333,92.85466159119898,5.641791365995912,5.602194372791777,5.597823025585955,5.34045791140295,-0.04294247180223465,"Tobias Myers",22191,668964
"Blade Tidwell","NYM",0,1,0,2,2,7.1,7.363637640456744,7.363637640456744,1.227272940076124,0.46153846153846156,0.64516129,0.307692307,0.09090909,95.72734832763672,9.818183520608992,6.317730047238874,6.135136838392868,6.6750186314703885,-0.04446343705058098,"Blade Tidwell",31701,694918
"Daniel Lynch IV","KCR",0,0,0,2,2,4.1,12.461542118231588,8.307694745487725,2.076923686371931,0.375,1,0.375,0.333333333,93.83548538773148,2.076923686371931,4.34817503422313,6.135137198521799,4.202494618575992,-0.04614906758069992,"Daniel Lynch IV",21537,663738
"Connor Gillispie","MIA",0,3,0,6,6,26,7.961538461538462,3.8076923076923075,2.076923076923077,0.3170731707317073,0.50561798,0.372093023,0.153846153,91.47325067934783,8.653846153846153,5.37420128336747,5.750520933591403,5.063129905783214,-0.048635613173246384,"Connor Gillispie",26171,687362
"Robert Gasser","MIL",0,2,0,2,2,5.2,7.94117736156434,6.352941889251472,1.588235472312868,0.23529411764705882,0.52083333,0.352941176,0.111111111,93.02904369212963,3.176470944625736,4.97135130668979,6.841019086936813,6.995546251300917,-0.05664313584566116,"Robert Gasser",29812,688107
"Jalen Beeks","ARI",0,1,0,2,2,2,9,0,4.5,0,1,0,0.2,94.11260022615132,4.5,12.760803631906628,7.635136318206787,4.989484605193138,-0.062410030514001846,"Jalen Beeks",17192,656222
"Jonathan Bowlan","KCR",0,0,0,1,1,2,13.5,4.5,4.5,0.5,0.76923077,0.4,0.5,94.54118077895221,9,7.391514015645356,8.135136318206786,3.1768756330013277,-0.06263196468353271,"Jonathan Bowlan",24607,680742
"Tristan Beck","SFG",0,0,0,1,1,3,3,0,3,0.36363636363636365,0.55555556,0.416666666,0.25,94.97128530649039,9,11.049557511438925,6.801802984873454,4.524122071266175,-0.06486015766859055,"Tristan Beck",21584,663941
"Brandon Waddell","NYM",0,0,0,1,1,3,6,3,3,0.2727272727272727,0.55555556,0.5,0.2,91.18718126085069,9,14.742177988365992,7.135136318206788,5.371368509531022,-0.06494295597076416,"Brandon Waddell",18347,663399
"Brandon Young","BAL",1,7,0,12,12,57.2,7.33526043909593,3.4335261629810736,1.872832452535131,0.3142857142857143,0.65096953,0.440217391,0.171428571,93.68135618932038,6.2427748417837705,4.276290339525337,5.354789595285461,4.521062715204664,-0.06563379615545273,"Brandon Young",27819,687064
"Jordan Leasure","CHW",0,0,0,1,1,1,9,0,9,0,1,0,0.5,95.21757202148437,9,12.492966156063767,14.135136318206786,4.218614947795868,-0.06983746588230133,"Jordan Leasure",29950,673929
"Logan Evans","SEA",6,5,0,15,15,78.1,6.663830219923318,3.4468087344430955,1.4936171182586746,0.2875536480686695,0.73068894,0.395918367,0.135416666,92.94194647606383,4.365957730294587,5.383606315776952,5.113859850942639,4.845863759757667,-0.07054368406534195,"Logan Evans",33699,688138
"Wade Miley","CIN",1,0,0,2,2,10,6.3,5.4,1.8,0.2692307692307692,0.83333333,0.392857142,0.166666666,92.21526317107372,4.5,7.524891077621064,6.435136318206787,5.685223495960235,-0.07075311243534088,"Wade Miley",8779,489119
"Justin Sterner","ATH",0,1,0,1,1,1,9,0,9,0,1,0.333333333,0.5,93.42938232421875,9,4.0098758520339866,14.135136318206786,4.218614947795868,-0.07128874957561493,"Justin Sterner",27694,686993
"Ryan Zeferjahn","LAA",0,0,0,1,1,1,18,0,9,0,1,0.5,1,98.290478515625,9,4.583921479948123,12.135136318206786,0.6768756330013277,-0.07136081159114838,"Ryan Zeferjahn",25420,666171
"Reynaldo López","ATL",0,0,0,1,1,5,1.8,3.6,1.8,0.38095238095238093,0.83333333,0.409090909,0.166666666,95.53247568558673,5.4,10.728844869166675,6.535136318206787,5.785223495960236,-0.07456795871257782,"Reynaldo Lopez",16400,625643
"Allan Winans","NYY",0,1,0,1,1,4.1,2.076923229285257,0,2.076923229285257,0.26666666666666666,0.53571429,0.375,0.142857142,89.97502790178571,8.307692917141027,4.505714217817444,7.058213529078939,6.548715461755103,-0.07718151807785034,"Allan Winans",21238,642216
"Justin Wrobleski","LAD",0,2,0,2,2,11,7.363636363636363,4.909090909090909,2.4545454545454546,0.3235294117647059,0.50632911,0.4,0.2,94.34243539663461,9.818181818181818,7.026350692030225,6.680590863661333,5.237508111108433,-0.08336445689201355,"Justin Wrobleski",31204,680736
"Bobby Miller","LAD",0,0,0,1,1,3,21,3,6,0.75,0.48387097,0.2,0.666666666,97.79440833782327,18,5.682894701732239,8.135136318206788,1.0102089663346616,-0.08453231304883957,"Bobby Miller",27483,676272
"Sean Reynolds","SDP",0,1,0,1,1,2.2,3.3750008046628963,0,3.3750008046628963,0.45454545454545453,0.71428571,0.583333333,1,96.18711635044643,10.125002413988689,14.45855211568048,8.385137569904625,4.088288788503998,-0.0905398279428482,"Sean Reynolds",22253,669308
"Brock Burke","LAA",0,0,0,1,1,1,9,0,9,0,1,0.333333333,0.5,96.23403591579861,9,15.29929664947492,14.135136318206786,4.218614947795868,-0.09077069163322449,"Brock Burke",17968,656271
"Chayce McDermott","BAL",0,0,0,1,1,3,15,9,3,0.5,0.60606061,0.285714285,0.333333333,92.95762567934783,12,8.714797050726077,8.135136318206788,5.343542299667995,-0.09152589738368988,"Chayce McDermott",29866,694646
"Spencer Arrighetti","HOU",1,5,0,7,7,35.1,7.896226699261456,5.0943398059751335,1.52830194179254,0.25,0.71748879,0.386138613,0.153846153,93.18326822916667,5.3490567962738895,5.430872604352131,5.5407967821394895,5.034980724605773,-0.09171288460493088,"Spencer Arrighetti",29921,681293
"Sam Aldegheri","LAA",0,2,0,2,2,9.1,7.714286765273879,4.821429228296175,1.9285716913184698,0.4,0.78125,0.40625,0.166666666,92.06336431393679,6.750000919614645,6.968087710493168,6.777993957363897,5.974515824063097,-0.0952020213007927,"Sam Aldegheri",26443,691951
"Chris Flexen","CHC",0,1,0,1,1,4,4.5,6.75,2.25,0.16666666666666666,0.65217391,0.23076923,0.142857142,92.86314392089844,6.75,4.6730210787284285,7.635136318206787,7.083180119097233,-0.10252641141414642,"Chris Flexen",13896,623167
"Bryse Wilson","CHW",0,1,0,5,5,21.2,5.815385297967212,4.153846641405152,1.6615386565620607,0.35443037974683544,0.703125,0.346153846,0.129032258,93.16070462740385,6.230769962107727,8.827003885429042,5.904367412476888,5.710240563166456,-0.10253234207630157,"Bryse Wilson",19990,669060
"Spencer Turnbull","TOR",0,1,0,1,1,2,9,9,4.5,0.5714285714285714,0.53571429,0.5,0.25,,18,11.029243335490428,10.635136318206786,7.218614947795868,-0.10886485129594803,"Spencer Turnbull",16207,605513
"Anthony DeSclafani","ARI",0,2,0,4,4,13.2,8.560976008018681,3.2926830800071847,1.9756098480043107,0.3,0.69148936,0.372093023,0.157894736,93.38924153645833,6.585366160014369,4.678188137965764,5.842453517323806,5.1321886292400505,-0.11102820932865143,"Anthony DeSclafani",13050,543101
"Caleb Boushley","TEX",0,0,0,1,1,3,3,9,3,0.36363636363636365,0.75757576,0.5,0.333333333,91.08727309283088,9,14.417660276671166,9.801802984873454,7.010208966334662,-0.11465705186128616,"Caleb Boushley",19736,676961
"Easton Lucas","TOR",2,3,0,5,5,19.2,9.15254355641298,5.033898956027138,2.288135889103245,0.2962962962962963,0.56,0.288135593,0.178571428,93.84415409482759,8.23728920077168,6.4180435063012915,6.084289241939858,4.974223038102712,-0.11930838227272034,"Easton Lucas",26058,687922
"Thomas Harrington","PIT",0,1,0,1,1,4,4.5,9,2.25,0.375,0.52083333,0.529411764,0.166666666,91.69112141927083,13.5,8.925138893747263,8.385136318206786,7.447745290398598,-0.12541230022907257,"Thomas Harrington",31989,802419
"Tyler Holton","DET",0,2,0,6,6,8.1,11.880001812744418,0,4.320000659179788,0.2777777777777778,0.58823529,0.454545454,0.4,92.2428466796875,7.560001153564629,4.310801601566603,6.735136867523277,2.345223375429086,-0.12845739722251892,"Tyler Holton",26231,663947
"Anthony Banda","LAD",0,0,0,1,1,0.1,27.000028163224034,27.000028163224034,27.000028163224034,0,1,0,1,95.75630187988281,27.000028163224034,24.09375860684087,45.135180127666395,10.760362216320827,-0.13162405788898468,"Anthony Banda",14706,607455
"Tony Gonsolin","LAD",3,2,0,7,7,36,9.5,4.5,2.25,0.2696629213483146,0.79710145,0.40625,0.214285714,93.45476721938776,5,5.251687527268842,6.024025207095676,4.572721074355973,-0.13864505290985107,"Tony Gonsolin",19388,664062
"Matt Waldron","SDP",0,1,0,1,1,4.2,5.7857150739554095,11.571430147910819,1.9285716913184698,0.3333333333333333,0.75471698,0.5,0.25,89.70009765625,7.714286765273879,11.153541655923096,8.492279905202537,7.028056261256074,-0.1464466154575348,"Matt Waldron",25550,663362
"Yariel Rodríguez","TOR",0,0,0,1,1,1,9,18,9,0.5,0.76923077,0.333333333,0.5,95.06926618303571,18,25.103070387378384,20.135136318206786,10.218614947795867,-0.14654949307441711,"Yariel Rodriguez",33838,684320
"Carlos Carrasco","- - -",2,2,0,9,9,40.2,6.418032887224805,3.540983661917134,1.9918033098283878,0.3181818181818182,0.66176471,0.35,0.155172413,91.59323712904676,6.860655844964447,5.726030168736434,5.766283900325769,5.088108814102275,-0.1545722633600235,"Carlos Carrasco",6632,471911
"Bruce Zimmermann","MIL",0,1,0,1,1,6,1.5,3,3,0.21739130434782608,0.48387097,0.6,0.222222222,90.49951171875,7.5,4.3557006921562635,8.135136318206788,6.114411957065265,-0.15681925415992737,"Bruce Zimmermann",20370,669145
"Travis Adams","MIN",0,1,0,2,2,7.1,11.045455024262125,4.909091121894278,3.681818341420709,0.3125,0.76923077,0.210526315,0.333333333,94.78716856060606,7.363636682841418,7.069441180971385,7.635136513276542,4.209089160191052,-0.16047289967536926,"Travis Adams",30180,701519
"Mike Vasil","CHW",0,0,0,3,3,11,9.000000780279054,4.909091334697666,2.454545667348833,0.36666666666666664,0.78651685,0.424242424,0.3,94.7863967483108,6.545455112930221,4.184440013408128,6.862409368625386,4.718535832569774,-0.16053880751132965,"Mike Vasil",30105,678024
"Scott Barlow","CIN",0,1,0,1,1,1,9,27,9,0.5,0.27777778,0,0.333333333,90.0080899325284,36,30.364762319905935,23.135136318206786,14.760354262590408,-0.16535134613513947,"Scott Barlow",14993,605130
"Justin Hagenman","NYM",0,0,0,1,1,4.1,10.384616146426286,0,6.230769687855771,0.2,1,0.307692307,0.375,92.7864278157552,8.307692917141027,5.108889146376959,9.827444501459283,3.6737320158001605,-0.16947631537914276,"Justin Hagenman",21546,663795
"Scott Blewett","- - -",0,0,0,2,2,5.2,3.176470944625736,3.176470944625736,3.176470944625736,0.21052631578947367,0.76923077,0.619047619,0.333333333,92.87397112165179,6.352941889251472,5.308735309687604,8.076313343180153,5.120507580153663,-0.17327536270022392,"Scott Blewett",16427,656240
"Emerson Hancock","SEA",3,5,0,16,16,81.1,6.639344677493279,3.3196723387466394,1.6598361693733197,0.28451882845188287,0.73195876,0.42687747,0.163043478,94.81212879203217,5.200819997369734,5.5781877419161745,5.348251210704547,4.694644820991641,-0.1807776689529419,"Emerson Hancock",27470,676106
"Lance McCullers Jr.","HOU",2,4,0,13,13,51.1,10.168831420720867,6.13636378836604,1.7532467966760115,0.3191489361702128,0.68292683,0.46,0.181818181,91.7752490942029,6.662337827368844,5.238443863514523,5.803967553146938,4.923363550431753,-0.1850050538778305,"Lance McCullers Jr.",14120,621121
"Rich Hill","KCR",0,2,0,2,2,9,4,8,2,0.2413793103448276,0.70422535,0.483870967,0.181818181,88.5961681547619,5,6.815971015169925,7.801802984873454,6.797262147400114,-0.20495836436748505,"Rich Hill",4806,448179
"Caden Dana","LAA",0,4,0,5,5,26.1,9.22784854685378,4.443038189225894,2.392405178813943,0.25,0.66176471,0.428571428,0.28,95.28384046052632,6.151899031235853,4.870773817245344,6.135136463068716,4.143116729026163,-0.2101256102323532,"Caden Dana",31508,702674
"José Ureña","- - -",0,1,0,6,6,22.1,4.8358209643551975,5.238806044718131,1.6119403214517325,0.28378378378378377,0.79096045,0.259740259,0.114285714,96.09697614397321,5.238806044718131,10.12387639227027,6.5381214412715565,6.625921861229164,-0.21147728618234396,"Jose Urena",11589,570632
"Roki Sasaki","LAD",1,1,0,8,8,34.1,6.291262368924867,5.766990504847795,1.5728155922312168,0.23232323232323232,0.78947368,0.38095238,0.139534883,96.30647732023411,4.718446776693651,6.040227384229698,6.193388858656375,5.852460415044307,-0.2159891575574875,"Roki Sasaki",35323,808963
"Braydon Fisher","TOR",0,0,0,1,1,1.1,6.750001609325793,6.750001609325793,13.500003218651585,0.4,0,0.428571428,0.666666666,95.58349609375,33.75000804662896,15.21626195800805,23.385141146184164,7.354050782362095,-0.22101834416389465,"Braydon Fisher",24609,680755
"Osvaldo Bido","ATH",2,4,0,10,10,46.1,6.604316728010568,3.884892192947393,2.1366907061210663,0.30344827586206896,0.69805195,0.294871794,0.139240506,94.71593772910558,6.215827508715829,5.427830054068494,6.178301869348912,5.7206919115119526,-0.22773180902004242,"Osvaldo Bido",23150,674370
"Richard Fitts","BOS",1,4,0,10,10,41,7.463414634146342,2.8536585365853657,2.1951219512195124,0.2627118644067797,0.76190476,0.44,0.222222222,95.90071614583333,4.829268292682927,5.703426653661068,5.744892415767763,4.2663136149325025,-0.22978968918323517,"Richard Fitts",30160,690916
"Payton Tolle","BOS",0,1,0,3,3,10.1,10.45161322475597,5.225806612377985,3.4838710749186568,0.28,0.70175439,0.24137931,0.285714285,95.93747312213303,7.838709918566978,5.541821805289531,7.586749358380627,4.643299307228304,-0.23030653595924377,"Payton Tolle",35466,801139
"Carson Seymour","SFG",1,2,0,3,3,9.1,4.821428735645456,2.892857241387273,2.892857241387273,0.30303030303030304,0.59322034,0.428571428,0.214285714,96.8880615234375,8.67857172416182,6.935128191294245,7.206565028307394,5.340602508373472,-0.24155102670192719,"Carson Seymour",30084,693313
"Aaron Bummer","ATL",0,0,0,2,2,4.1,12.461539375711542,2.076923229285257,6.230769687855771,0.3,0.52631579,0.25,0.6,92.05121721540179,12.461539375711542,15.616786198405324,10.75052149225273,3.5294509411272363,-0.25159433484077454,"Aaron Bummer",16258,607481
"Zach Eflin","BAL",6,5,0,14,14,71.1,6.308411664760388,1.6401870328377008,2.2710281993137396,0.30973451327433627,0.70694087,0.40167364,0.193548387,92.00828721788194,5.929906964874764,4.4873069813948225,5.644482291522586,4.374132989857562,-0.2552151381969452,"Zach Eflin",13774,621107
"Landon Knack","LAD",2,2,0,7,7,31.2,8.24210592507661,4.547368786249164,2.273684393124582,0.27586206896551724,0.77319588,0.284210526,0.186046511,93.12218520220588,5.115789884530309,6.775412312440339,6.2930313086575955,5.102340387860173,-0.25671979784965515,"Landon Knack",27487,689017
"Victor Mederos","LAA",0,2,0,3,3,13,6.923076923076923,5.538461538461538,2.769230769230769,0.3076923076923077,0.68627451,0.255813953,0.173913043,,8.307692307692308,5.937729458405178,7.9043670874375564,6.63205972130482,-0.2631436884403229,"Victor Mederos",31533,682989
"Pierson Ohl","MIN",0,2,0,3,3,8,9.000001072883734,3.3750004023314,4.500000536441867,0.4482758620689655,0.34722222,0.303030303,0.307692307,91.41810546875,12.375001475215134,9.695895190184963,8.760136988759122,4.765462899097988,-0.28709641098976135,"Pierson Ohl",30179,701487
"Chase Petty","CIN",0,2,0,2,2,5.1,11.812500704079909,13.500000804662752,5.062500301748532,0.5555555555555556,0.47619048,0.285714285,0.428571428,96.50851702008929,21.937501307576973,11.524249721895574,12.322636865824492,7.033669401245302,-0.3193374574184418,"Chase Petty",30170,695534
"McCade Brown","COL",0,5,0,7,7,25.2,8.064935864033474,5.961039551676916,2.1038963123565586,0.32,0.71100917,0.345679012,0.162162162,94.31919642857143,7.363637093247956,6.506708669606391,6.953318514705727,6.136864718772557,-0.3395610749721527,"McCade Brown",30004,685326
"Kyle Hart","SDP",2,2,0,6,6,25.2,5.961039551676916,2.1038963123565586,2.8051950831420784,0.26582278481012656,0.67226891,0.282352941,0.16,91.10546112060547,6.6623383224624355,4.968887730862908,6.56370808649155,5.51514820622277,-0.347222238779068,"Kyle Hart",19646,606996
"Tanner Houck","BOS",0,3,0,9,9,43.2,6.59542023144323,3.5038169979542158,2.061068822326009,0.3381294964028777,0.58461538,0.483221476,0.227272727,95.1952880859375,8.038168407071435,6.18617637663354,6.158037257618267,4.734446255265152,-0.3472352921962738,"Tanner Houck",19879,656557
"Walker Buehler","- - -",9,7,0,24,24,120,6.525,4.35,1.575,0.2892561983471074,0.74879227,0.430446194,0.160305343,94.08893347424713,5.025,5.364043772548574,5.685136318206787,5.093201736857494,-0.35569456219673157,"Walker Buehler",19374,621111
"Austin Gomber","COL",0,7,0,12,12,57.2,5.306358615516205,2.6531793077581023,2.497109936713508,0.3235294117647059,0.6314433,0.331797235,0.153846153,89.39878484876094,7.491329810140524,6.041769516306551,6.499298316279152,5.672839703045151,-0.3645362854003906,"Austin Gomber",16561,596295
"Anthony Molina","COL",0,1,0,1,1,5,3.6,1.8,9,0.25,1,0.38095238,0.5,95.42869166324013,12.6,16.84900762966107,15.935136318206787,6.018614947795868,-0.3660218119621277,"Anthony Molina",26952,683627
"Elvin Rodríguez","MIL",0,2,0,2,2,9,5,2,5,0.3103448275862069,0.6,0.058823529,0.2,94.26923245102611,11,10.148113039168388,10.246247429317897,7.306634414858288,-0.3722723722457886,"Elvin Rodriguez",20962,660730
"Joey Estes","ATH",0,2,0,2,2,7,6.428571428571429,7.714285714285714,5.142857142857143,0.4230769230769231,0.6097561,0.2,0.222222222,91.34377675513699,15.428571428571429,8.513164450292084,12.135136318206786,8.67103741339275,-0.3894397020339966,"Joey Estes",26257,683155
"Jake Irvin","WSN",9,13,0,33,33,180,6.2,3.1,1.9,0.28186714542190305,0.68160153,0.428087986,0.168888888,92.4653637513312,5.7,5.567164803525224,5.635136318206787,4.817866017255518,-0.3906923234462738,"Jake Irvin",21504,663623
"Mitch Spence","ATH",1,5,0,8,8,39,6.230769230769231,2.3076923076923075,2.769230769230769,0.3008130081300813,0.74074074,0.406015037,0.25,,6,7.002738393603232,6.596674779745249,4.494200090261606,-0.3961338400840759,"Mitch Spence",27707,687765
"Carson Palmquist","COL",0,4,0,7,7,30.2,6.456522274558215,5.282609133729448,2.3478262816575324,0.28125,0.64732143,0.287128712,0.153846153,90.23313781149518,7.630435415386981,6.333891799985991,7.146006216038406,6.368955424511462,-0.4044395089149475,"Carson Palmquist",31612,687223
"Carson Whisenhunt","SFG",2,1,0,5,5,23.1,6.171428907744757,4.628571680808568,2.314285840404284,0.24242424242424243,0.79710145,0.436619718,0.206896551,92.52911658653846,5.014285987542615,6.600821193928884,6.906565095161916,5.4798695943721105,-0.41518330574035645,"Carson Whisenhunt",31676,687931
"Gunnar Hoglund","ATH",1,3,0,6,6,32.1,6.402062107442565,3.0618557905160095,2.783505264105463,0.29473684210526313,0.74285714,0.409523809,0.232558139,93.507939453125,6.402062107442565,7.715348297559144,6.7536931615438895,4.783428873838053,-0.4190484285354614,"Gunnar Hoglund",31318,680684
"Didier Fuentes","ATL",0,3,0,4,4,13,8.307692917141027,4.153846458570514,4.153846458570514,0.3953488372093023,0.48672566,0.265306122,0.272727272,95.77599158653847,13.846154861901713,7.726551543984465,9.135136758364197,5.74423381156903,-0.4754418134689331,"Didier Fuentes",30661,800311
"Jack Kochanowicz","LAA",3,11,0,23,23,111,5.8378382390916315,4.702703025934926,1.7027028197350593,0.3248587570621469,0.65268065,0.518716577,0.184210526,95.64657265183615,6.810811278940237,5.886520216883907,6.054055437752603,5.178003863003365,-0.5892732739448547,"Jack Kochanowicz",27688,686799
"Kyle Gibson","BAL",0,3,0,4,4,12.1,7.2972980496481865,5.108108634753731,5.108108634753731,0.4489795918367347,0.49618321,0.464285714,0.35,91.62433330829327,16.78378551419083,9.244945559789183,10.594596546736046,5.716335473184241,-0.6430528163909912,"Kyle Gibson",10123,502043
"Bowden Francis","TOR",2,8,0,14,14,64,7.593750452622798,3.796875226311399,2.6718751592561696,0.2857142857142857,0.74935401,0.34,0.206521739,92.58560995729813,6.046875360421858,6.081622147569866,6.853886539861573,5.210761706940853,-0.8437938094139099,"Bowden Francis",20548,670102
"Bradley Blalock","COL",2,6,0,12,12,55.2,4.041916352319608,3.718563044134039,2.4251498113917647,0.33163265306122447,0.55294118,0.4,0.194805194,94.55003760940919,9.538922591474275,7.668062448099944,7.141124525172444,5.770715969855984,-0.8781134486198425,"Bradley Blalock",26419,687134
"Nestor Cortes","- - -",2,4,0,8,8,34.1,7.601942029117549,5.242718640770723,3.40776711650097,0.24731182795698925,0.85427136,0.323809523,0.245283018,90.22163194444444,6.291262368924867,6.961028142894218,8.290476314964664,5.748112638789753,-0.9445662498474121,"Nestor Cortes",17874,641482