Season,Name,Tm,G,TBF,ERA,H,2B,3B,R,ER,HR,BB,IBB,HBP,SO,AVG,OBP,SLG,wOBA,playerId
2025,"Clayton Kershaw","LAD",23,369,3.44890511,79,17,1,38,35,7,28,0,1,68,0.236526946,0.294277929,0.356287425,0.28572958902702017,2036
2025,"Kenley Jansen","LAA",59,110,2.07692308,14,2,0,8,7,3,3,0,1,33,0.132075471,0.163636363,0.235849056,0.17594937031919305,3096
2025,"Max Scherzer","TOR",17,158,5.30357143,39,6,0,22,22,6,10,0,2,44,0.268965517,0.32278481,0.434482758,0.32860959142069274,3137
2025,"Justin Wilson","BOS",52,111,4.06849315,30,7,0,15,11,2,11,3,1,32,0.306122448,0.381818181,0.43877551,0.3516161274687152,4301
2025,"Charlie Morton","3 Tms",33,310,6.58208955,80,15,0,50,49,13,29,0,3,64,0.288808664,0.362459546,0.483754512,0.36689358737476435,4676
2025,"Huascar Brazoban","NYM",52,152,2.97457627,26,2,0,16,13,2,9,1,4,39,0.19402985,0.26,0.253731343,0.23095745608310572,6107
2025,"Martin Perez","CHW",11,171,3.85714286,32,7,1,18,17,5,20,0,2,30,0.217687074,0.315789473,0.38095238,0.30745618420037607,6902
2025,"Luis Garcia","3 Tms",57,132,3.19354839,33,11,2,13,11,2,12,0,0,28,0.282051282,0.346153846,0.461538461,0.34766117426065296,6984
2025,"Fernando Cruz","NYY",47,120,3.375,17,1,0,13,11,3,16,0,3,46,0.168316831,0.3,0.267326732,0.2672181844711304,7048
2025,"Justin Verlander","SFG",29,342,4.1625,81,23,1,43,37,9,21,0,4,69,0.258785942,0.310850439,0.424920127,0.3181259406626749,8700
2025,"Kirby Yates","LAD",48,110,4.32,22,7,0,13,12,4,12,0,1,36,0.226804123,0.318181818,0.422680412,0.3239967692982067,9073
2025,"Nathan Eovaldi","TEX",22,236,1.25906736,41,9,0,10,9,4,10,0,3,63,0.186363636,0.229787234,0.281818181,0.22640826169480668,9132
2025,"Patrick Corbin","TEX",31,496,4.52601156,126,24,2,60,58,16,35,1,3,96,0.278145695,0.3326572,0.445916114,0.3366114951488448,9323
2025,"Miles Mikolas","STL",31,305,4.30985915,78,21,2,34,34,12,16,0,0,47,0.27368421,0.310231023,0.487719298,0.3396538202912107,9803
2025,"Caleb Thielbar","CHC",61,125,2.20408163,24,7,0,8,8,3,7,1,0,29,0.205128205,0.248,0.341880341,0.25304998217090485,10078
2025,"Shelby Miller","2 Tms",43,93,2.109375,22,4,0,6,5,1,4,1,3,24,0.258823529,0.311827956,0.34117647,0.28573129164135974,10197
2025,"Aroldis Chapman","BOS",67,173,0.77697842,20,3,0,5,4,2,14,0,0,62,0.126582278,0.196531791,0.183544303,0.17773152603579395,10233
2025,"Zack Wheeler","PHI",24,249,2.76923077,48,7,0,22,20,7,11,0,1,82,0.202531645,0.240963855,0.320675105,0.24640829974867734,10310
2025,"Chris Sale","ATL",21,412,2.6013289,88,15,1,31,29,9,24,0,9,133,0.23342175,0.29368932,0.350132625,0.2849216221027004,10603
2025,"Jacob deGrom","TEX",30,338,3.25680934,65,8,1,31,31,13,17,0,1,83,0.205047318,0.24556213,0.359621451,0.26185513442084635,10954
2025,"Merrill Kelly","2 Tms",32,349,3.20689655,75,16,0,34,31,6,19,0,1,86,0.229357798,0.272988505,0.333333333,0.26690552169564125,11156
2025,"Tommy Kahnle","DET",60,123,3.68181818,21,2,1,13,12,2,14,0,1,28,0.194444444,0.292682926,0.287037037,0.26573007814283295,11384
2025,"Jose Quintana","MIL",24,422,3.36363636,94,13,0,42,37,12,37,0,3,59,0.248021108,0.318289786,0.377308707,0.3072726419306141,11423
2025,"Drew Pomeranz","CHC",54,123,3.72413793,25,0,0,14,12,5,10,1,4,29,0.233644859,0.319672131,0.373831775,0.3053530301929505,11426
2025,"Robbie Ray","SFG",32,580,3.62589928,119,31,2,60,56,18,56,0,1,148,0.230174081,0.303448275,0.402321083,0.3070704403622397,11486
2025,"Jose Urena","5 Tms",19,113,4.5,27,6,0,13,12,3,8,0,3,16,0.267326732,0.336283185,0.415841584,0.3292546288102074,11589
2025,"Jameson Taillon","CHC",23,257,4.3315508,64,16,0,31,30,14,8,0,0,39,0.258064516,0.28125,0.491935483,0.3284680382348597,11674
2025,"Luke Jackson","3 Tms",49,124,3.3,21,1,0,17,11,2,15,1,3,25,0.203883495,0.319672131,0.27184466,0.27320514582405403,11752
2025,"Taijuan Walker","PHI",34,251,4.67597765,64,9,0,34,31,12,9,0,4,38,0.272340425,0.308,0.463829787,0.33108792209625243,11836
2025,"Chris Martin","TEX",46,104,2.76923077,26,1,0,10,8,4,1,1,1,28,0.25490196,0.269230769,0.382352941,0.27819706745518064,11847
2025,"Jason Adam","SDP",63,140,1.40625,32,3,0,7,5,1,10,1,1,36,0.25,0.307142857,0.296875,0.2693974045540789,11861
2025,"Kyle Hendricks","LAA",31,351,5.5936255,94,18,1,56,52,16,11,0,3,57,0.283987915,0.309455587,0.489425981,0.339691639458894,12049
2025,"Chris Bassitt","TOR",32,317,4.00873362,68,9,0,36,34,9,15,0,9,79,0.232876712,0.29022082,0.356164383,0.28579514109373844,12304
2025,"Colin Rea","CHC",31,314,2.98770492,65,10,1,28,27,6,12,0,5,61,0.221843003,0.26198083,0.324232081,0.25748493362920355,12317
2025,"Seth Lugo","KCR",26,249,3.39267016,45,10,0,27,24,6,24,0,0,58,0.202702702,0.280487804,0.328828828,0.27206965021001617,12447
2025,"Adrian Houser","2 Tms",21,257,3.30612245,60,11,0,27,24,2,11,0,4,45,0.248962655,0.29296875,0.319502074,0.2727127415128052,12718
2025,"Nick Martinez","CIN",40,372,4.6,89,26,0,48,46,12,20,1,4,51,0.263313609,0.307065217,0.446745562,0.3216038633757131,12730
2025,"Rafael Montero","3 Tms",57,145,3.89423077,25,7,0,17,15,2,20,0,0,38,0.201612903,0.310344827,0.306451612,0.2812866860422595,12760
2025,"Sonny Gray","STL",32,363,4.87058824,96,19,0,52,46,15,18,0,1,87,0.281524926,0.318559556,0.469208211,0.33857494130359134,12768
2025,"Michael Kelly","ATH",40,100,3.19736842,20,5,0,11,9,3,10,1,0,18,0.229885057,0.306122448,0.390804597,0.30086661921334024,12791
2025,"Andrew Kittredge","2 Tms",51,115,3.76744186,24,4,0,12,12,5,8,0,0,35,0.228571428,0.280701754,0.409523809,0.2979181184057604,12828
2025,"Shawn Armstrong","TEX",68,178,1.84931507,18,2,0,11,10,1,11,0,4,49,0.1125,0.185393258,0.14375,0.15883660450410308,12857
2025,"Tyler Anderson","LAA",26,419,4.48474576,87,17,1,53,49,17,38,3,2,75,0.23262032,0.303102625,0.419786096,0.31017947985002625,12880
2025,"Joe Ross","PHI",36,129,4.2,33,9,1,15,14,4,7,0,2,25,0.282051282,0.325581395,0.478632478,0.3414881294087846,12972
2025,"Anthony DeSclafani","ARI",13,97,5.86956522,21,6,0,16,15,7,5,2,3,23,0.244186046,0.302083333,0.558139534,0.35184905250021753,13050
2025,"Yu Darvish","SDP",15,141,5.44954128,30,5,0,23,22,6,4,0,3,40,0.225563909,0.264285714,0.39849624,0.287017639194216,13074
2025,"Eduardo Rodriguez","ARI",29,543,4.62430939,135,26,2,67,62,21,53,2,1,114,0.28066528,0.35064935,0.474012474,0.3545238827415907,13164
2025,"Danny Coulombe","2 Tms",48,98,3.13043478,16,2,0,8,8,3,13,0,0,26,0.188235294,0.295918367,0.317647058,0.278693078732004,13293
2025,"Hoby Milner","TEX",66,168,4.54205607,43,9,2,20,18,3,18,2,2,31,0.294520547,0.375,0.445205479,0.35329253881810657,13346
2025,"Steven Matz","2 Tms",51,180,3.4015748,47,10,1,18,16,5,8,0,0,36,0.276470588,0.307262569,0.435294117,0.31942491857699173,13361
2025,"Pierce Johnson","ATL",61,128,2.97,28,5,0,12,11,4,3,0,1,40,0.231404958,0.25,0.371900826,0.2654031687416136,13435
2025,"Taylor Rogers","2 Tms",53,116,3.66666667,27,6,1,15,11,4,9,2,2,23,0.264705882,0.327586206,0.460784313,0.33025464520119785,13449
2025,"Blake Snell","LAD",11,198,3.04225352,40,7,0,19,16,3,21,1,0,54,0.231213872,0.30964467,0.323699421,0.28151860164136305,13543
2025,"Steven Okert","HOU",65,168,2.53125,27,4,0,12,12,3,14,1,1,51,0.18,0.253012048,0.266666666,0.23321016412792783,13580
2025,"Jakob Junis","CLE",57,167,2.7,41,9,0,13,12,3,9,1,3,38,0.269736842,0.319277108,0.388157894,0.3070785377964829,13619
2025,"Clay Holmes","NYM",33,332,3.20338983,78,11,0,33,28,5,22,0,7,63,0.260869565,0.323262839,0.347826086,0.2989004967435969,13649
2025,"Max Fried","NYY",32,620,2.27494457,130,24,5,46,38,6,40,0,4,134,0.226480836,0.281098546,0.31707317,0.2658643203521199,13743
2025,"Zach Eflin","BAL",13,124,4.39534884,33,6,0,14,14,3,6,0,2,23,0.286956521,0.330645161,0.417391304,0.3257655309092614,13774
2025,"Matt Strahm","PHI",64,172,2.76377953,30,5,1,15,13,4,14,1,1,49,0.196078431,0.264705882,0.320261437,0.25652921764102915,13799
2025,"Chris Flexen","CHC",21,101,2.025,18,1,0,8,6,2,5,0,0,15,0.191489361,0.227722772,0.265957446,0.21802245980442161,13896
2025,"Dietrich Enns","2 Tms",24,127,3.52173913,26,3,0,15,12,2,11,4,0,27,0.226086956,0.291338582,0.304347826,0.253670824252493,13932
2025,"Brent Suter","CIN",48,174,5.76923077,42,8,0,27,25,7,12,1,2,32,0.265822784,0.323699421,0.449367088,0.3322850098443586,13942
2025,"Michael Wacha","KCR",31,344,5.57489879,82,16,2,51,51,10,22,0,2,63,0.26031746,0.310850439,0.419047619,0.31636599186928044,14078
2025,"Kevin Gausman","TOR",32,405,3.46621622,89,18,0,40,38,11,26,1,2,105,0.237967914,0.28960396,0.37433155,0.2893846675420813,14107
2025,"Lance McCullers Jr.","HOU",16,145,5.4,36,7,1,17,17,7,21,0,4,30,0.302521008,0.423611111,0.554621848,0.4204908543162876,14120
2025,"Jose Berrios","TOR",31,324,5.28979592,79,19,1,53,48,18,14,0,6,60,0.259868421,0.305555555,0.506578947,0.34641089722698115,14168
2025,"Josh Hader","HOU",47,160,2.19512195,21,7,0,13,10,6,14,1,2,60,0.14893617,0.234177215,0.326241134,0.2451019268127004,14212
2025,"Wandy Peralta","SDP",65,180,2.39516129,38,9,0,14,11,1,18,3,0,33,0.23899371,0.312849162,0.314465408,0.2749112204394557,14295
2025,"Tyler Glasnow","LAD",18,191,3.61267606,28,7,0,19,19,5,25,0,1,61,0.172839506,0.282722513,0.308641975,0.2674268427943684,14374
2025,"Carlos Estevez","KCR",61,120,2.58510638,19,6,0,12,9,2,6,1,3,25,0.171171171,0.233333333,0.279279279,0.22619367196780293,14542
2025,"Anthony Banda","LAD",64,156,4.62857143,30,6,1,18,18,6,22,6,2,33,0.229007633,0.346153846,0.427480916,0.32553130984306333,14706
2025,"Edwin Diaz","NYM",56,121,1.8,18,3,0,7,6,1,9,0,5,41,0.171428571,0.268907563,0.228571428,0.23514043683765315,14710
2025,"Paul Blackburn","2 Tms",15,94,8.14285714,27,2,2,20,19,6,7,0,0,20,0.317647058,0.361702127,0.6,0.40147316836296243,14739
2025,"Emilio Pagan","CIN",67,133,3.74257426,21,7,0,16,14,7,10,0,1,36,0.175,0.240601503,0.408333333,0.2769865622197775,14771
2025,"Michael Lorenzen","KCR",27,296,4.86255924,73,15,1,39,38,14,18,0,4,63,0.267399267,0.320945945,0.483516483,0.34515589012487513,14843
2025,"Ben Lively","CLE",9,88,2.7,19,3,0,7,7,2,4,0,0,15,0.226190476,0.261363636,0.333333333,0.2607975033196536,14932
2025,"Scott Barlow","CIN",74,184,2.57142857,29,3,0,15,12,3,28,0,3,45,0.19205298,0.326086956,0.271523178,0.2809348708909491,14993
2025,"Kyle Finnegan","2 Tms",52,113,4.5,24,3,2,14,14,3,7,0,0,25,0.237623762,0.281818181,0.396039603,0.2908708566969091,15009
2025,"German Marquez","COL",26,287,7.18085106,85,24,2,57,50,11,17,0,3,39,0.323193916,0.368421052,0.555133079,0.3926450026662726,15038
2025,"Lou Trivino","3 Tms",46,118,0.96428571,23,4,1,4,3,1,8,0,5,24,0.221153846,0.307692307,0.307692307,0.2801179345856365,15043
2025,"Justin Topa","MIN",52,150,2.57142857,36,9,0,14,10,1,7,0,3,31,0.262773722,0.31081081,0.350364963,0.29225982765893677,15145
2025,"Andrew Heaney","2 Tms",27,387,4.81784387,87,23,0,49,48,15,31,0,6,64,0.252906976,0.322916666,0.450581395,0.3342781461154421,15423
2025,"Matthew Boyd","CHC",31,535,3.73115578,115,20,3,60,55,17,35,0,4,111,0.23613963,0.290018832,0.394250513,0.29698533549371636,15440
2025,"Nick Pivetta","SDP",31,367,3.54744526,69,7,1,39,36,15,23,0,3,97,0.205357142,0.259562841,0.366071428,0.2720510751171842,15454
2025,"Lucas Giolito","BOS",26,315,3.359447,73,2,1,30,27,9,28,0,1,55,0.258865248,0.324840764,0.368794326,0.30680185176764324,15474
2025,"Antonio Senzatela","COL",30,286,8.19101124,87,20,1,55,54,13,24,1,5,41,0.345238095,0.405594405,0.587301587,0.41891970278923973,15488
2025,"Tyler Rogers","2 Tms",76,155,1.944,35,4,1,9,9,1,1,0,0,31,0.228758169,0.232258064,0.287581699,0.22523063152067124,15541
2025,"Mark Leiter Jr.","NYY",53,98,7.59375,28,6,0,21,18,4,7,0,2,12,0.314606741,0.37755102,0.516853932,0.3860141093633613,15551
2025,"Chad Green","TOR",44,115,5.32894737,34,2,0,16,15,8,9,2,0,17,0.320754716,0.373913043,0.566037735,0.3966477133531486,15552
2025,"Luis Castillo","SEA",32,369,3.3633218,75,11,1,40,36,11,12,0,3,93,0.211864406,0.243902439,0.341807909,0.2550588418151628,15689
2025,"Brad Keller","CHC",66,153,1.56198347,20,1,0,9,7,3,13,0,4,43,0.148148148,0.243421052,0.222222222,0.2194815642739597,15734
2025,"Devin Williams","NYY",65,139,2.62135922,25,7,0,12,10,1,12,1,0,55,0.196850393,0.26618705,0.275590551,0.24208774773970895,15816
2025,"Zack Littell","2 Tms",32,405,4.09090909,95,18,0,47,45,20,15,0,6,67,0.25,0.287128712,0.455263157,0.3175384774066434,15823
2025,"Sean Manaea","NYM",15,194,6.44776119,45,9,0,32,32,12,12,0,5,58,0.257142857,0.321243523,0.514285714,0.3564924813922823,15873
2025,"Luis Severino","ATH",29,362,5.06896552,81,17,0,55,49,9,22,0,5,66,0.245454545,0.298342541,0.378787878,0.2955129004973733,15890
2025,"Ryne Stanek","NYM",64,145,3.44117647,28,5,1,13,13,4,17,0,0,36,0.222222222,0.310344827,0.373015873,0.3009125845185642,15947
2025,"Jordan Romano","PHI",46,104,8.48571429,26,6,0,23,22,5,11,0,2,20,0.295454545,0.375,0.534090909,0.38447641753233397,16122
2025,"Carlos Rodon","NYY",33,613,2.87361419,104,25,0,55,48,17,60,0,5,152,0.191528545,0.276595744,0.331491712,0.2712664591505172,16137
2025,"Aaron Nola","PHI",17,154,3.85714286,38,8,1,18,16,4,7,0,1,42,0.262068965,0.300653594,0.413793103,0.309622273336049,16149
2025,"Brandon Woodruff","MIL",12,122,3.9,22,2,0,14,13,6,8,0,1,44,0.196428571,0.256198347,0.375,0.27550519645706684,16162
2025,"Kyle Freeland","COL",31,562,4.7232376,156,27,3,78,67,20,31,2,5,94,0.3,0.342245989,0.478846153,0.3515252896412967,16256
2025,"Aaron Bummer","ATL",41,132,3.9,27,8,1,15,13,2,9,4,11,25,0.243243243,0.356060606,0.387387387,0.32184107322245836,16258
2025,"Tyler Mahle","TEX",16,195,2.52517986,44,7,1,13,13,2,19,0,0,31,0.25,0.323076923,0.335227272,0.29519403011370926,16358
2025,"Scott Blewett","3 Tms",25,99,4.43283582,26,4,1,13,11,2,7,0,1,15,0.295454545,0.350515463,0.431818181,0.34015828862632674,16427
2025,"Ryan Yarbrough","NYY",19,176,5.53278688,41,5,1,25,25,9,18,0,1,36,0.262820512,0.34090909,0.48076923,0.35393370247699996,16502
2025,"Austin Gomber","COL",12,215,7.2919708,64,15,2,39,37,10,12,0,1,27,0.31840796,0.359813084,0.562189054,0.39248009652734916,16561
2025,"Bryan Abreu","HOU",69,162,2.07692308,28,5,0,9,9,1,17,0,2,56,0.195804195,0.290123456,0.251748251,0.25253013365062665,16609
2025,"Ryan Thompson","ARI",46,98,2.88,22,4,0,11,8,2,4,0,2,25,0.239130434,0.285714285,0.347826086,0.2797089413720734,16647
2025,"Brock Stewart","2 Tms",40,86,0.79411765,10,0,0,2,2,1,5,1,4,31,0.129870129,0.220930232,0.168831168,0.18393163190168493,16727
2025,"Tim Hill","NYY",66,135,4.69565217,35,7,0,19,16,7,9,2,0,10,0.282258064,0.328358208,0.508064516,0.3514857219927239,16814
2025,"Brennan Bernardino","BOS",50,136,2.67032967,23,3,0,13,9,0,19,5,2,22,0.205357142,0.328358208,0.232142857,0.2521656603776207,16835
2025,"Reed Garrett","NYM",57,131,4.40816326,26,9,0,18,16,3,7,0,1,39,0.211382113,0.259541984,0.357723577,0.26943356936214535,16866
2025,"Luke Weaver","NYY",58,125,4.24719101,24,3,0,15,14,5,11,0,1,35,0.216216216,0.29032258,0.378378378,0.2934672822875361,16918
2025,"Sean Newcomb","2 Tms",46,270,2.8125,70,9,0,26,20,4,20,2,3,65,0.286885245,0.347014925,0.372950819,0.31702137038223727,16943
2025,"Grant Holmes","ATL",22,242,4.70930233,48,5,0,31,30,9,25,0,6,73,0.231884057,0.327800829,0.386473429,0.3162615766663769,16944
2025,"Trevor Williams","WSN",17,165,4.46456693,33,7,0,23,21,3,7,0,1,37,0.215686274,0.25,0.320261437,0.24837582612909923,16977
2025,"Tanner Banks","PHI",63,156,4.41818182,38,5,2,19,18,7,7,1,1,33,0.258503401,0.294871794,0.462585034,0.3208982386896687,16990
2025,"Pablo Lopez","MIN",14,136,3.34285714,20,7,0,15,13,3,8,0,3,36,0.162601626,0.227941176,0.292682926,0.23087083635961309,17085
2025,"Raisel Iglesias","ATL",65,125,3.69473684,24,5,0,14,13,5,7,2,1,36,0.205128205,0.256,0.376068376,0.26812979748578575,17130
2025,"Gabe Speier","SEA",68,131,2.75510204,24,7,2,11,10,2,9,1,2,40,0.20338983,0.267175572,0.347457627,0.2650375737593724,17170
2025,"Jalen Beeks","ARI",55,137,3.97058824,23,6,0,16,15,4,15,2,1,21,0.190082644,0.284671532,0.338842975,0.27291885791001497,17192
2025,"Ranger Suarez","PHI",26,520,3.1849866,127,23,2,45,44,10,34,0,1,112,0.264583333,0.312741312,0.383333333,0.3045390884618501,17277
2025,"Framber Valdez","HOU",31,651,3.05769231,136,26,4,56,53,10,57,0,7,154,0.234079173,0.308166409,0.344234079,0.29036004186962344,17295
2025,"Erick Fedde","3 Tms",31,299,3.94520548,60,17,0,32,32,5,26,0,3,46,0.226415094,0.301694915,0.347169811,0.28863254623898005,17425
2025,"Jeff Hoffman","TOR",69,142,4.37142857,26,4,0,18,17,7,13,0,1,41,0.204724409,0.283687943,0.401574803,0.2994129645063522,17432
2025,"Jack Flaherty","DET",31,321,3.21702128,69,16,0,30,28,10,18,0,3,98,0.23076923,0.28125,0.384615384,0.29050538651645186,17479
2025,"Genesis Cabrera","4 Tms",35,109,9,33,4,0,24,23,9,10,1,0,22,0.333333333,0.394495412,0.646464646,0.4371830683063578,17490
2025,"Jimmy Herget","COL",59,193,2.42068966,40,9,0,14,13,3,9,0,3,48,0.224719101,0.269430051,0.325842696,0.2615391176599295,17556
2025,"Tanner Scott","LAD",61,173,3.672,39,5,0,18,17,6,13,2,3,43,0.251612903,0.319767441,0.4,0.31155646688797894,17586
2025,"Mitch Keller","PIT",32,373,3.54744526,79,19,1,39,36,8,18,0,8,81,0.228985507,0.282258064,0.359420289,0.2819833417413055,17594
2025,"Taylor Clarke","KCR",48,110,1.98947368,19,3,1,7,7,3,4,0,0,25,0.179245283,0.209090909,0.311320754,0.22552020116285845,17611
2025,"Jeffrey Springs","ATH",32,569,4.57739558,121,28,0,78,69,25,44,0,3,111,0.23540856,0.295774647,0.435797665,0.31440950248023153,17677
2025,"Trevor Megill","MIL",44,89,2.109375,19,7,0,7,5,2,6,1,0,26,0.234567901,0.280898876,0.395061728,0.28545094010504807,17722
2025,"Tyler Alexander","2 Tms",51,244,5.85542169,60,8,2,41,36,4,24,5,1,48,0.276497695,0.349794238,0.387096774,0.3184249997138977,17735
2025,"Nestor Cortes","2 Tms",8,118,4,22,4,0,12,12,7,17,0,2,21,0.222222222,0.347457627,0.474747474,0.35742271552651617,17874
2025,"Dennis Santana","PIT",67,158,1.97560976,30,5,3,9,9,4,6,0,3,37,0.202702702,0.246835443,0.358108108,0.26178254847285115,17878
2025,"Garrett Cleavinger","TBR",66,159,2.41463415,26,5,1,12,11,5,11,0,5,51,0.183098591,0.264150943,0.338028169,0.26720103340328866,17897
2025,"Trent Thornton","SEA",32,91,4.90909091,19,1,0,12,12,3,5,0,4,12,0.231707317,0.307692307,0.353658536,0.2961188751262623,17948
2025,"Tyler Gilbert","CHW",41,111,4.5,21,5,0,14,13,4,14,3,0,21,0.21875,0.318181818,0.395833333,0.3047144919912392,17964
2025,"Brock Burke","LAA",63,162,3.5840708,37,4,2,15,15,6,13,4,0,35,0.253424657,0.3125,0.431506849,0.31208033592273027,17968
2025,"Logan Webb","SFG",34,428,2.81072555,96,16,0,38,33,6,24,0,4,120,0.242424242,0.290398126,0.328282828,0.2740936611519485,17995
2025,"Pete Fairbanks","TBR",59,126,2.53125,23,6,0,11,9,3,8,0,0,28,0.194915254,0.246031746,0.322033898,0.2500736836403135,17998
2025,"Phil Maton","2 Tms",59,138,2.45454545,21,6,0,12,10,2,9,0,6,44,0.173553719,0.262773722,0.272727272,0.24536285696238497,18064
2025,"Ryan Helsley","2 Tms",56,125,3.95121951,29,6,0,16,12,5,14,1,1,31,0.271028037,0.352,0.467289719,0.3491408863375264,18138
2025,"Tyler Kinley","2 Tms",71,163,4.08403361,28,6,0,19,18,2,16,2,0,39,0.191780821,0.26993865,0.273972602,0.24170996757767957,18297
2025,"Brandon Waddell","NYM",11,88,4.35483871,18,5,0,10,10,3,8,0,0,13,0.227848101,0.295454545,0.405063291,0.3037244731729681,18347
2025,"Michael Soroka","2 Tms",22,168,2.87704918,30,6,0,14,13,4,11,0,9,42,0.202702702,0.297619047,0.324324324,0.2822392937682924,18383
2025,"Enyel De Los Santos","2 Tms",65,171,3.7016129,33,7,1,18,17,4,15,0,2,44,0.215686274,0.294117647,0.352941176,0.28732317756204045,18403
2025,"Dylan Cease","SDP",32,369,4.99245283,79,20,1,50,49,11,29,0,1,116,0.237237237,0.297814207,0.402402402,0.3040511391527666,18525
2025,"Jake Woodford","ARI",22,113,4.80821918,32,5,0,14,13,2,5,0,3,18,0.310679611,0.36036036,0.417475728,0.34251190252132246,18674
2025,"Freddy Peralta","MIL",33,354,2.92164179,58,11,0,29,29,13,25,0,6,112,0.18125,0.253561253,0.3375,0.261766562264869,18679
2025,"Sandy Alcantara","MIA",31,376,5.4,92,22,0,55,53,9,15,0,8,84,0.262857142,0.306666666,0.402857142,0.3089494110743205,18684
2025,"Kolby Allard","CLE",33,180,3,42,11,1,17,15,3,9,3,0,26,0.251497005,0.284916201,0.383233532,0.28091795911843126,18694
2025,"Tommy Nance","TOR",30,82,0.43548387,16,0,0,3,1,0,4,0,0,17,0.207792207,0.243902439,0.207792207,0.205908295584888,19178
2025,"Lake Bachar","MIA",51,154,4.75,33,6,0,19,19,8,11,0,2,41,0.239130434,0.300653594,0.456521739,0.32436180192660663,19222
2025,"Seranthony Dominguez","2 Tms",61,145,2.36842105,16,3,0,13,10,1,22,0,1,51,0.132231404,0.268965517,0.181818181,0.22287727183309095,19249
2025,"Ian Hamilton","NYY",35,100,2.88,12,2,0,8,8,1,16,1,1,29,0.148148148,0.295918367,0.209876543,0.2430680639965018,19261
2025,"Jacob Webb","TEX",54,149,4.70642202,27,5,0,21,19,7,13,1,1,32,0.203007518,0.277027027,0.39849624,0.2910043430977127,19274
2025,"Zac Gallen","ARI",33,413,5.94,84,15,3,67,66,19,32,0,0,99,0.222811671,0.281553398,0.429708222,0.30544529016156796,19291
2025,"Cal Quantrill","2 Tms",26,283,7.2972973,88,19,5,52,50,14,15,0,4,35,0.33460076,0.378091872,0.604562737,0.41559701989480546,19312
2025,"Eric Lauer","TOR",28,296,3.23502304,61,17,0,27,26,12,20,0,2,75,0.224264705,0.281355932,0.419117647,0.3025174981456692,19316
2025,"Matt Festa","CLE",60,121,2.4,21,3,0,11,8,1,6,0,4,33,0.196261682,0.260504201,0.252336448,0.23388361780583358,19330
2025,"Caleb Ferguson","2 Tms",67,155,4.0754717,35,9,0,17,16,2,13,3,4,30,0.263157894,0.342105263,0.375939849,0.3108980991696351,19349
2025,"Dean Kremer","BAL",31,327,4.48085106,75,13,0,40,39,8,21,0,1,68,0.24834437,0.297546012,0.370860927,0.2928453658256063,19350
2025,"Lucas Erceg","KCR",52,117,3.81176471,30,4,1,13,12,3,7,0,3,22,0.280373831,0.341880341,0.420560747,0.33439780809940434,19360
2025,"Corbin Burnes","ARI",10,117,4.40217391,23,4,0,17,15,6,8,0,0,25,0.212962962,0.267241379,0.416666666,0.2951314557215263,19361
2025,"Keegan Akin","BAL",59,162,3.49137931,27,5,0,18,15,6,22,2,1,33,0.195652173,0.308641975,0.36231884,0.2947163973003626,19362
2025,"Walker Buehler","2 Tms",26,249,5.55,48,4,0,39,37,14,25,0,6,43,0.221198156,0.317269076,0.433179723,0.32780917461617404,19374
2025,"Ronel Blanco","HOU",9,117,2.73033708,21,7,0,9,9,1,9,0,0,36,0.196261682,0.258620689,0.289719626,0.2456507960270191,19407
2025,"Yohan Ramirez","PIT",23,97,4.98461538,21,7,0,15,12,2,7,0,2,28,0.238636363,0.30927835,0.386363636,0.306309948876961,19444
2025,"Jorge Alcala","3 Tms",55,151,4.30851064,38,9,0,18,15,6,18,0,1,37,0.299212598,0.38,0.511811023,0.37970733086268105,19459
2025,"Aaron Civale","3 Tms",23,219,4.32692308,49,11,0,25,25,8,11,1,4,39,0.24137931,0.292237442,0.413793103,0.30434145019688735,19479
2025,"Tyler Ferguson","ATH",55,171,4.29545455,30,4,2,22,21,2,15,0,3,45,0.204081632,0.284023668,0.299319727,0.2615596528589373,19481
2025,"David Bednar","2 Tms",62,130,2.47959184,27,4,2,10,9,3,5,0,1,53,0.219512195,0.253846153,0.357723577,0.2642446774702806,19569
2025,"JoJo Romero","STL",63,151,2.75,28,6,0,13,11,2,20,5,1,28,0.22047244,0.326666666,0.314960629,0.27813165598902206,19574
2025,"Jordan Hicks","2 Tms",34,171,6.80869565,43,7,2,30,29,4,15,0,1,34,0.286666666,0.353293413,0.44,0.3452021704462474,19618
2025,"Kyle Hart","SDP",20,122,7.30588235,28,6,0,23,23,8,10,0,1,24,0.254545454,0.319672131,0.527272727,0.3590290267936519,19646
2025,"Jason Alexander","2 Tms",17,158,3.96330275,37,5,0,19,16,6,10,0,3,33,0.256944444,0.316455696,0.416666666,0.31967272750938996,19666
2025,"Gregory Soto","2 Tms",65,161,5.56701031,42,7,0,24,20,2,15,1,7,39,0.306569343,0.4,0.401459854,0.3565692294318721,19677
2025,"Dustin May","2 Tms",25,250,4.65517241,57,9,1,33,30,6,16,0,8,41,0.255605381,0.325301204,0.385650224,0.3136421248137233,19716
2025,"Caleb Boushley","TEX",25,103,4.06849315,26,7,0,14,11,1,6,0,1,19,0.270833333,0.320388349,0.375,0.30636232628405674,19736
2025,"Anthony Bender","MIA",50,118,0.9,17,3,0,3,3,1,10,0,1,26,0.158878504,0.237288135,0.214953271,0.2110309216935756,19742
2025,"Shohei Ohtani","LAD",13,105,3.85714286,26,4,0,11,11,3,5,0,0,30,0.265306122,0.295238095,0.397959183,0.2985048418953305,19755
2025,"Will Vest","DET",63,158,2.74576271,34,2,1,13,12,2,8,0,1,37,0.229729729,0.27388535,0.297297297,0.2548222579773824,19769
2025,"Bryan Baker","2 Tms",68,131,5.56701031,32,4,1,22,20,7,7,0,0,40,0.258064516,0.297709923,0.475806451,0.33085836845499866,19804
2025,"Michael King","SDP",15,135,2.45454545,25,4,0,12,9,6,10,0,3,30,0.20661157,0.281481481,0.388429752,0.29296236832936606,19853
2025,"Griffin Canning","NYM",16,156,3.64864865,33,6,1,16,15,3,15,0,0,29,0.235714285,0.309677419,0.357142857,0.2959733709212272,19867
2025,"Tanner Houck","BOS",9,88,6.23076923,20,3,0,15,15,3,5,0,1,15,0.24691358,0.295454545,0.395061728,0.3000154617157849,19879
2025,"Clarke Schmidt","NYY",14,154,2.23140496,26,3,1,10,10,3,10,0,0,33,0.181818181,0.233766233,0.279720279,0.2281366466701805,19899
2025,"Tony Santillan","CIN",73,140,1.55769231,22,3,0,8,6,2,13,0,1,34,0.174603174,0.257142857,0.246031746,0.23245112427643366,19926
2025,"Jesus Luzardo","PHI",32,585,4.46715328,133,27,0,73,68,14,50,0,3,148,0.250943396,0.317948717,0.381132075,0.3081163513354766,19959
2025,"Joey Wentz","3 Tms",39,313,4.96698113,77,9,3,43,39,8,27,3,1,67,0.274021352,0.335463258,0.412811387,0.32237110830122423,19962
2025,"Bryse Wilson","CHW",19,125,6.75,38,6,1,23,22,6,4,0,1,20,0.322033898,0.344,0.542372881,0.3749495439529419,19990
2025,"Dylan Lee","ATL",70,147,4.13513514,31,5,0,19,17,8,7,1,0,41,0.223021582,0.260273972,0.431654676,0.2937309076046122,19996
2025,"John Schreiber","KCR",66,154,3.89189189,32,7,0,18,16,5,12,0,0,43,0.226950354,0.287581699,0.382978723,0.2934405453064862,20020
2025,"Adrian Morejon","SDP",67,164,1.54918033,32,4,1,11,7,2,14,3,0,36,0.216216216,0.283950617,0.297297297,0.25366973277157956,20039
2025,"Kaleb Ort","HOU",49,120,3,19,4,0,11,10,3,18,1,0,33,0.188118811,0.310924369,0.316831683,0.28359431482977787,20061
2025,"Bailey Falter","2 Tms",26,389,4.08802817,83,22,0,48,43,15,39,0,0,60,0.24057971,0.315245478,0.434782608,0.3247078202799617,20070
2025,"Chris Paddack","2 Tms",33,325,5.2826087,85,17,1,48,45,13,16,0,0,58,0.281456953,0.31076923,0.473509933,0.3325134743176974,20099
2025,"Calvin Faucher","MIA",58,125,4.60227273,27,0,0,17,15,5,13,0,1,30,0.245454545,0.328,0.381818181,0.3144931983947754,20116
2025,"Garrett Whitlock","BOS",61,157,2.89285714,30,5,0,13,12,1,14,1,2,50,0.214285714,0.29299363,0.271428571,0.25582503928587985,20191
2025,"Griffin Jax","2 Tms",70,137,3.97058824,25,3,0,15,15,3,10,0,0,53,0.201612903,0.259259259,0.298387096,0.24850803790269074,20253
2025,"Daysbel Hernandez","ATL",38,91,3.15,20,3,0,9,7,2,13,0,1,15,0.263157894,0.377777777,0.381578947,0.3419816195964813,20271
2025,"David Peterson","NYM",30,561,4.3255814,132,29,2,65,62,10,59,1,3,102,0.267206477,0.34767025,0.394736842,0.32750589843284295,20302
2025,"Riley O'Brien","STL",42,114,2.66666667,22,1,1,8,8,2,13,0,3,18,0.224489795,0.333333333,0.31632653,0.29781389759297955,20348
2025,"Steven Wilson","CHW",58,150,2.20909091,24,5,0,9,9,2,13,1,2,33,0.186046511,0.26,0.271317829,0.23542123232911896,20353
2025,"Andres Munoz","SEA",61,135,1.65306122,21,3,0,10,6,1,13,1,3,43,0.181034482,0.276119402,0.23275862,0.2350288925314308,20373
2025,"Greg Weissert","BOS",71,165,3.79338843,36,9,0,19,17,5,7,0,3,36,0.235294117,0.280487804,0.392156862,0.29191714161779825,20375
2025,"Isaac Mattson","PIT",43,106,2.22352941,15,0,0,7,7,2,5,1,1,27,0.154639175,0.198113207,0.216494845,0.18127944128853934,20385
2025,"Ryan Walker","SFG",66,145,3.78,31,6,0,18,14,2,11,1,4,26,0.244094488,0.319444444,0.338582677,0.2915083165768977,20423
2025,"Casey Mize","DET",28,288,4.47804878,68,13,0,35,34,13,18,0,2,60,0.257575757,0.306620209,0.454545454,0.32652784889168024,20492
2025,"Edwin Uceta","TBR",68,176,3,34,7,1,14,14,5,11,0,7,57,0.215189873,0.295454545,0.367088607,0.2939079021188346,20539
2025,"Grant Anderson","MIL",66,193,2.71942446,39,5,0,22,14,6,14,0,1,44,0.222857142,0.282722513,0.354285714,0.28059954262528747,20546
2025,"Bowden Francis","TOR",14,127,4.12941177,30,1,1,14,13,5,8,0,6,24,0.265486725,0.346456692,0.424778761,0.34003448908723244,20548
2025,"Tyler Phillips","MIA",53,162,2.475,39,3,1,12,11,5,6,0,2,28,0.253246753,0.290123456,0.383116883,0.29378325630117347,20629
2025,"Yusei Kikuchi","LAA",33,614,4.47867299,144,28,1,78,70,23,61,3,1,130,0.263736263,0.335504885,0.445054945,0.33634759975923456,20633
2025,"Cristopher Sanchez","PHI",32,634,2.74576271,141,31,0,50,48,11,36,0,2,164,0.236974789,0.282334384,0.344537815,0.27589448985617243,20778
2025,"Eduard Bazardo","SEA",69,173,1.4,26,3,0,7,7,4,12,0,2,47,0.165605095,0.231213872,0.261146496,0.22204364620881273,20997
2025,"Jhoan Duran","2 Tms",67,134,1.76086957,35,4,0,9,6,2,7,1,0,34,0.277777777,0.313432835,0.357142857,0.29188848393304007,21029
2025,"Emmanuel Clase","CLE",46,113,3.7125,25,4,0,14,11,2,7,0,4,30,0.252525252,0.31858407,0.353535353,0.29714832896679905,21032
2025,"Luis Gil","NYY",11,113,2.3625,23,7,0,9,7,2,13,0,1,22,0.232323232,0.327433628,0.363636363,0.3088811403882187,21052
2025,"Connor Brogdon","LAA",39,98,4.94366197,21,3,0,13,13,5,9,1,0,30,0.24137931,0.30927835,0.448275862,0.3223536107689142,21205
2025,"Bailey Ober","MIN",27,294,5.27142857,74,24,0,42,41,13,15,0,3,66,0.275092936,0.315068493,0.50929368,0.3483569905774234,21224
2025,"Jake Bird","2 Tms",45,136,3.6,32,5,1,14,12,3,13,1,2,36,0.266666666,0.345588235,0.4,0.32588186661402385,21267
2025,"Jacob Latz","TEX",33,231,2.46951219,51,11,2,16,15,4,27,2,0,53,0.25,0.337662337,0.382352941,0.31606416592951947,21306
2025,"Tylor Megill","NYM",14,156,4.83962264,33,4,1,24,19,4,13,0,3,49,0.237410071,0.314102564,0.366906474,0.3017675058963971,21318
2025,"Bennett Sousa","HOU",42,131,2.58510638,28,8,0,10,9,3,11,0,0,34,0.235294117,0.3,0.37815126,0.29796004937245296,21345
2025,"Joe Ryan","MIN",31,333,3.26953125,59,12,0,33,31,10,18,0,7,110,0.193442622,0.252252252,0.33114754,0.2569033455204319,21390
2025,"Yerry De los Santos","NYY",25,97,2.82089552,21,3,0,7,7,0,11,0,1,18,0.25,0.34375,0.285714285,0.2913310378789902,21420
2025,"Davis Martin","CHW",26,294,4.03738318,67,13,3,36,32,8,18,1,4,57,0.248148148,0.302721088,0.407407407,0.30687842718977165,21448
2025,"Kris Bubic","KCR",20,374,2.46350365,78,16,1,28,25,5,32,1,1,94,0.230088495,0.296791443,0.327433628,0.27714574784439944,21455
2025,"Cole Sands","MIN",64,148,4.13513514,33,8,2,20,17,3,8,0,1,38,0.240875912,0.283783783,0.394160583,0.2918833715690149,21461
2025,"Stephen Kolek","2 Tms",18,210,3.0375,47,2,1,19,18,2,8,0,6,29,0.242268041,0.29047619,0.293814432,0.26233244226092384,21487
2025,"Jake Irvin","WSN",33,337,4.6512605,79,13,0,43,41,12,25,0,1,57,0.254019292,0.3115727,0.411575562,0.31567702201424436,21504
2025,"Hogan Harris","ATH",45,172,2.87704918,33,8,0,13,13,3,20,4,0,43,0.22,0.308139534,0.333333333,0.27740666341213954,21520
2025,"Daniel Lynch IV","KCR",54,165,3.23076923,38,9,0,14,14,5,15,0,1,23,0.258503401,0.329268292,0.421768707,0.327601341939554,21537
2025,"Chase Shugart","PIT",34,116,3.22826087,21,6,0,12,11,4,7,0,1,25,0.198113207,0.25,0.367924528,0.2666401159146736,21544
2025,"Brendon Little","TOR",75,156,3.93203884,25,4,0,16,15,1,27,4,1,46,0.196850393,0.339743589,0.251968503,0.27184115114964935,21574
2025,"Tristan Beck","SFG",31,119,3.68181818,27,5,1,12,12,3,6,0,0,23,0.241071428,0.277310924,0.383928571,0.2856173535354999,21584
2025,"Elvis Alvarado","ATH",37,103,2.88,18,5,0,9,8,2,11,0,0,22,0.195652173,0.281553398,0.315217391,0.26841994975377054,21662
2025,"Edward Cabrera","MIA",26,273,3.65217391,59,12,0,30,28,7,14,0,3,75,0.232283464,0.278388278,0.362204724,0.2799586269445035,21690
2025,"Javier Assad","CHC",8,91,2.53125,16,1,0,6,6,1,9,0,3,12,0.205128205,0.307692307,0.256410256,0.26410242227407604,21741
2025,"Cole Ragans","KCR",13,186,4.89130435,39,10,0,25,25,7,12,0,0,78,0.226744186,0.274193548,0.406976744,0.2929662728822359,21846
2025,"Camilo Doval","2 Tms",67,150,2.88349515,29,4,0,14,11,2,20,0,2,36,0.23015873,0.342281879,0.309523809,0.29967963495510536,21992
2025,"John King","STL",45,119,4.62857143,40,3,0,16,12,5,12,0,0,15,0.373831775,0.436974789,0.542056074,0.4241818850781737,22051
2025,"Jose Soriano","LAA",31,329,4.10869565,78,13,1,40,35,5,32,0,2,76,0.268041237,0.343558282,0.37113402,0.31803878849269424,22100
2025,"Cole Winn","TEX",33,99,1.92857143,10,2,0,7,6,2,6,0,3,23,0.113636363,0.193877551,0.204545454,0.18560087498353453,22113
2025,"Hunter Greene","CIN",19,213,2.43975904,40,11,1,17,15,6,11,0,0,63,0.199004975,0.240566037,0.35323383,0.2575433993676923,22182
2025,"Tobias Myers","MIL",22,124,3.06818182,31,4,1,11,10,4,6,0,1,21,0.264957264,0.306451612,0.418803418,0.31472471500596694,22191
2025,"Ryan Rolison","COL",29,111,8.60869565,35,3,0,24,22,8,11,0,0,14,0.360824742,0.418181818,0.639175257,0.44399169087409973,22200
2025,"MacKenzie Gore","WSN",30,503,3.40401146,114,21,0,44,44,15,50,0,5,131,0.259090909,0.337325349,0.409090909,0.3270756742673482,22201
2025,"DL Hall","MIL",20,87,3.796875,17,6,0,9,9,0,7,0,0,13,0.2125,0.275862068,0.2875,0.2535446539692495,22207
2025,"Jeremiah Estrada","SDP",74,177,3.796875,40,8,0,18,18,8,11,0,1,68,0.245398773,0.295454545,0.441717791,0.31716426529667596,22210
2025,"Logan Gilbert","SEA",25,265,3.97894737,55,12,0,31,28,11,14,0,4,89,0.224489795,0.276515151,0.408163265,0.29636866350968677,22250
2025,"Shane Baz","TBR",31,374,5.1,81,20,0,52,51,17,37,0,3,81,0.24471299,0.324396782,0.459214501,0.3384771110544895,22264
2025,"Tarik Skubal","DET",31,599,2.41791045,110,21,2,48,42,17,31,0,3,196,0.196078431,0.24120603,0.331550802,0.25036240722266473,22267
2025,"Trevor Rogers","BAL",18,345,1.93584906,59,7,2,20,19,6,23,0,2,80,0.184952978,0.24347826,0.275862068,0.23284491818884145,22286
2025,"Mason Englert","TBR",28,90,3.52173913,21,2,0,10,9,3,2,0,1,24,0.247058823,0.269662921,0.376470588,0.2790985917777158,22288
2025,"Matthew Liberatore","STL",29,515,4.51232877,126,25,2,66,61,16,27,0,3,93,0.264705882,0.304093567,0.426470588,0.3141167241695099,22294
2025,"Brenan Hanifee","DET",54,175,1.45384615,37,6,2,14,7,1,5,0,2,32,0.220238095,0.251428571,0.297619047,0.2418695957320077,22304
2025,"Taj Bradley","2 Tms",27,306,3.83944954,69,14,0,37,31,7,25,0,2,64,0.249097472,0.31372549,0.375451263,0.3035161512739518,22543
2025,"Keider Montero","DET",20,202,3.88356164,49,6,0,22,21,6,8,0,2,46,0.255208333,0.292079207,0.380208333,0.293868218022998,22630
2025,"Carlos Hernandez","3 Tms",40,104,4.97368421,24,3,0,14,14,2,6,0,1,23,0.24742268,0.298076923,0.340206185,0.2833412644954828,22713
2025,"Angel Zerpa","KCR",66,161,5.59459459,44,14,0,23,23,4,12,0,1,34,0.303448275,0.35625,0.48275862,0.3602442655712366,22717
2025,"Yoendrys Gomez","3 Tms",20,116,2.7,23,3,1,8,8,1,12,0,1,27,0.227722772,0.313043478,0.306930693,0.2807054773620937,22872
2025,"Carlos Vargas","SEA",64,189,4.95,54,8,0,24,22,6,15,2,7,29,0.327272727,0.404255319,0.484848484,0.384845906688321,22915
2025,"Osvaldo Bido","ATH",25,209,5.48120301,53,12,1,30,27,9,23,1,6,27,0.299435028,0.394230769,0.531073446,0.3953871557102111,23150
2025,"Steven Cruz","KCR",43,106,5.25974026,23,6,0,16,15,4,7,1,0,16,0.234693877,0.283018867,0.418367346,0.29791694993064516,23165
2025,"Juan Mejia","COL",54,135,2.3592233,24,7,1,12,9,3,8,0,4,48,0.198347107,0.266666666,0.347107438,0.2692770238275881,23237
2025,"Janson Junk","MIA",21,212,4.09090909,48,13,0,27,25,2,3,0,1,41,0.236453201,0.246445497,0.330049261,0.24770499942427,23301
2025,"Jose Butto","2 Tms",53,160,4.42241379,36,12,1,19,19,2,13,0,2,34,0.255319148,0.32278481,0.39716312,0.3142195743850515,23313
2025,"Joey Cantillo","CLE",31,288,2.92924528,53,15,0,27,23,7,26,0,0,81,0.203846153,0.274305555,0.342307692,0.27213149414294296,23335
2025,"Robert Garcia","TEX",67,170,3.6302521,35,4,0,19,16,5,19,2,0,43,0.236486486,0.321428571,0.364864864,0.30055783491536797,23363
2025,"Max Lazar","PHI",31,92,4.5,22,4,0,12,11,4,7,0,0,11,0.261904761,0.315217391,0.452380952,0.32990617272646533,23426
2025,"JP Sears","2 Tms",27,487,5.36842105,117,28,1,71,68,26,32,0,5,96,0.263513513,0.318181818,0.506756756,0.3513608090887385,23429
2025,"Aaron Ashby","MIL",40,171,2.33858268,38,6,2,11,11,2,14,0,1,47,0.24516129,0.311764705,0.348387096,0.2933279812335968,23550
2025,"Ben Brown","CHC",25,257,5.4301676,64,10,3,38,36,5,18,0,1,59,0.272340425,0.32421875,0.404255319,0.31726297293789685,23590
2025,"Braxton Ashcraft","PIT",26,164,2.43442623,36,8,1,12,11,2,9,0,1,38,0.236842105,0.282208588,0.342105263,0.27411295336448344,23793
2025,"Ryan Weathers","MIA",8,134,4.06451613,30,6,0,17,14,4,10,0,1,29,0.247933884,0.308270676,0.396694214,0.3078676403913283,23796
2025,"Valente Bellozo","MIA",32,179,3.04511278,34,5,0,16,15,6,11,0,3,32,0.2125,0.27118644,0.35625,0.2743083066859488,23899
2025,"Brayan Bello","BOS",28,289,3.19905213,64,5,0,28,25,7,18,0,5,57,0.243346007,0.302083333,0.342205323,0.2863360715823041,23920
2025,"Randy Rodriguez","SFG",45,94,3.2238806,22,5,0,10,8,2,4,0,1,29,0.25,0.287234042,0.375,0.28785839486629405,23974
2025,"Jose A. Ferrer","WSN",69,214,5.8125,62,9,2,33,31,2,14,1,5,45,0.322916666,0.38028169,0.421875,0.3507059343018622,24017
2025,"Ronny Henriquez","MIA",67,155,1.39655172,26,9,0,8,6,3,8,0,4,49,0.187050359,0.246753246,0.316546762,0.24775428586191944,24094
2025,"Simeon Woods Richardson","MIN",23,239,4.47337278,49,10,1,30,28,9,22,0,2,59,0.228971962,0.30543933,0.411214953,0.31249941816888593,24494
2025,"Lyon Richardson","CIN",34,103,3.13043478,19,7,0,14,8,0,13,1,1,19,0.223529411,0.320388349,0.305882352,0.2781614748870625,24581
2025,"Jonathan Bowlan","KCR",31,99,2.42307692,16,3,0,8,7,1,9,0,0,25,0.181818181,0.25510204,0.25,0.23066793473399416,24607
2025,"Braydon Fisher","TOR",49,115,2.51162791,21,2,0,8,8,3,9,1,2,28,0.203883495,0.278260869,0.310679611,0.2606231925780313,24609
2025,"Victor Vodnik","COL",45,100,2.42307692,20,5,0,9,7,2,7,0,0,27,0.217391304,0.27,0.336956521,0.2664607930183411,24614
2025,"Randy Vasquez","SDP",28,291,3.68181818,62,11,0,32,30,8,18,0,4,41,0.232209737,0.288659793,0.36329588,0.286425038096831,24719
2025,"Mike Burrows","PIT",23,204,4.04081633,49,6,2,23,22,8,10,0,4,51,0.259259259,0.308823529,0.439153439,0.32305409014225006,24728
2025,"Kyle Leahy","STL",61,200,3.08053691,44,9,0,19,17,2,9,0,1,43,0.237837837,0.27,0.318918918,0.2570355334877968,24763
2025,"Reese Olson","DET",13,154,3.85714286,34,8,0,16,16,2,15,0,1,34,0.246376811,0.324675324,0.347826086,0.3010553756317535,24968
2025,"Kody Funderburk","MIN",37,103,5.17808219,28,6,0,14,14,2,5,1,1,20,0.294736842,0.330097087,0.421052631,0.32081005327841816,24993
2025,"Alex Vesia","LAD",61,160,2.53846154,26,4,0,12,11,7,19,3,3,51,0.192592592,0.303797468,0.377777777,0.2950728739461591,25007
2025,"Jacob Lopez","ATH",21,314,4.80821918,65,10,1,42,39,14,31,0,5,88,0.233812949,0.32165605,0.428057553,0.32793355633498755,25098
2025,"Tim Herrin","CLE",51,106,6.75,24,6,0,18,18,3,13,2,2,25,0.266666666,0.367924528,0.433333333,0.3452957444466077,25139
2025,"Abner Uribe","MIL",71,166,2.25,32,2,0,13,11,3,11,0,1,49,0.210526315,0.268292682,0.282894736,0.2485957912555555,25327
2025,"Nick Mears","MIL",58,126,3.09375,24,4,2,13,11,2,7,0,1,30,0.21238938,0.253968253,0.336283185,0.2534332937664456,25376
2025,"Brady Singer","CIN",32,312,3.44933921,62,15,2,31,29,4,23,0,6,63,0.222222222,0.292604501,0.333333333,0.27817974711537746,25377
2025,"Sam Long","KCR",38,114,3.50649351,26,5,0,15,10,4,15,1,1,19,0.265306122,0.368421052,0.43877551,0.3523297225479531,25379
2025,"Drew Rasmussen","TBR",31,263,2.62135922,49,5,0,21,20,7,15,0,1,49,0.198380566,0.247148288,0.303643724,0.244353828094758,25385
2025,"Ryan Zeferjahn","LAA",60,143,4.45054945,25,3,0,15,15,7,23,2,3,45,0.215517241,0.359154929,0.422413793,0.34244194413934437,25420
2025,"George Kirby","SEA",22,240,4.2,53,9,1,28,28,6,9,0,4,64,0.238738738,0.275,0.369369369,0.278490142027537,25436
2025,"Hunter Gaddis","CLE",72,160,3.52173913,37,5,2,16,15,4,10,0,1,39,0.253424657,0.301886792,0.397260273,0.3028795018136126,25636
2025,"Kevin Kelly","TBR",39,97,4.36764706,26,5,1,12,11,5,5,0,0,17,0.285714285,0.319587628,0.527472527,0.35798495700678873,25679
2025,"Matt Brash","SEA",46,103,2.95890411,20,3,0,9,8,3,12,1,1,28,0.229885057,0.33,0.367816091,0.3085893067446622,25756
2025,"Hunter Brown","HOU",31,352,2.18382353,68,10,0,25,22,8,17,0,6,91,0.20795107,0.26,0.311926605,0.2543648568221501,25880
2025,"Bryan King","HOU",66,196,2.32450331,38,3,0,13,13,7,6,0,3,53,0.204301075,0.239795918,0.333333333,0.2502076324759697,25890
2025,"Yennier Cano","BAL",62,144,2.88349515,32,2,0,13,11,3,12,0,2,33,0.251968503,0.323943661,0.338582677,0.29706686693178097,25911
2025,"Casey Legumina","SEA",46,118,5.0625,27,4,0,20,15,3,11,1,2,32,0.262135922,0.341880341,0.388349514,0.32006444191110545,25921
2025,"Quinn Priester","MIL",29,350,2.98854962,78,17,0,32,29,11,20,0,3,74,0.24074074,0.28939828,0.395061728,0.2974523215375862,25977
2025,"Brandon Walter","HOU",9,173,3.53076923,40,8,1,17,17,9,3,0,2,46,0.239520958,0.261627906,0.461077844,0.30737364396106365,26056
2025,"Andre Pallante","STL",31,368,5.33467742,89,13,2,55,49,11,32,0,5,51,0.274691358,0.345205479,0.429012345,0.33749578750296816,26108
2025,"Andrew Saalfrank","ARI",27,77,1.28571429,13,2,0,4,3,1,3,0,0,14,0.180555555,0.207792207,0.25,0.2005163376981562,26203
2025,"Chris Murphy","BOS",22,94,4.09090909,12,1,0,10,10,3,13,1,4,17,0.157894736,0.308510638,0.289473684,0.2753812305388912,26214
2025,"Jackson Rutledge","WSN",61,188,4,42,8,0,22,20,5,11,0,4,47,0.24852071,0.304812834,0.384615384,0.30100331778194817,26215
2025,"Ryan Pepiot","TBR",31,361,4.44705882,85,14,2,46,42,16,28,0,4,78,0.259938837,0.325,0.4617737,0.33975697441233527,26221
2025,"Tyler Holton","DET",68,173,4.752,41,5,0,23,22,11,11,1,0,30,0.25949367,0.304093567,0.5,0.3390940852024976,26231
2025,"Ryne Nelson","ARI",32,334,4.44444444,74,19,4,40,40,12,21,0,1,78,0.238709677,0.287425149,0.441935483,0.31206694388104056,26253
2025,"Nick Lodolo","CIN",29,498,2.93633952,100,18,0,42,41,19,22,1,9,128,0.215517241,0.264646464,0.377155172,0.2790656501223684,26378
2025,"Bradley Blalock","COL",14,123,9.45,39,3,0,28,28,9,9,0,0,11,0.351351351,0.390243902,0.621621621,0.4239081696766179,26419
2025,"Ryan Gusto","2 Tms",27,214,4.24528302,46,8,1,27,25,3,11,0,5,45,0.235897435,0.289719626,0.333333333,0.27538133893057565,26440
2025,"Angel Chivilli","COL",43,167,7.2,50,6,0,31,28,8,13,0,4,28,0.333333333,0.401197604,0.533333333,0.4039270974204926,26790
2025,"Garrett Crochet","BOS",32,663,2.80448065,141,23,2,54,51,21,42,0,2,209,0.228525121,0.279456193,0.37439222,0.285595276654667,27463
2025,"Reid Detmers","LAA",60,184,4.2,37,8,0,21,21,6,17,3,0,59,0.222891566,0.29347826,0.379518072,0.2884857275867989,27468
2025,"Emerson Hancock","SEA",21,181,4.39534884,46,11,0,23,21,3,8,0,4,28,0.273809523,0.320441988,0.392857142,0.3123827579930342,27470
2025,"Max Meyer","MIA",12,142,6.06741573,41,7,0,22,20,7,11,0,1,30,0.315384615,0.373239436,0.53076923,0.3885832810905618,27474
2025,"Spencer Strider","ATL",23,252,3.72928177,57,16,0,26,25,9,21,0,3,70,0.251101321,0.321428571,0.440528634,0.33052521849435473,27498
2025,"Slade Cecconi","CLE",23,271,4.921875,69,15,1,36,35,11,13,1,3,48,0.272727272,0.314814814,0.470355731,0.33568878577101186,27500
2025,"Jared Koenig","MIL",65,161,4.02631579,36,6,0,17,17,6,15,1,2,40,0.251748251,0.33125,0.419580419,0.32728984370921393,27517
2025,"Graham Ashcraft","CIN",59,158,3.11538462,42,15,0,15,12,0,14,0,0,35,0.29787234,0.361290322,0.404255319,0.3373194875255708,27552
2025,"Cole Henry","WSN",56,143,3.65625,26,3,0,14,13,3,18,0,5,29,0.220338983,0.345070422,0.322033898,0.3068620281320223,27570
2025,"Carmen Mlodzinski","PIT",34,213,3.26174497,55,9,1,19,18,4,16,0,2,44,0.282051282,0.342723004,0.4,0.32717543560574314,27572
2025,"Logan Allen","CLE",30,537,4.3021978,130,29,0,65,58,14,49,1,5,87,0.272536687,0.343925233,0.421383647,0.3340850831864032,27589
2025,"Mitchell Parker","WSN",33,538,5.76486487,134,37,1,89,79,19,39,0,3,79,0.273469387,0.327137546,0.469387755,0.34144241515145424,27636
2025,"Luis Ortiz","CLE",16,184,3.76744186,42,3,1,18,18,3,16,0,1,46,0.253012048,0.320652173,0.337349397,0.2941456845273142,27646
2025,"Brandon Eisert","CHW",68,166,4.77876106,39,14,1,20,20,7,19,6,0,43,0.268965517,0.34939759,0.524137931,0.3585205115377903,27668
2025,"Tanner Gordon","COL",15,159,6.49038461,50,10,2,29,25,6,6,0,2,26,0.333333333,0.364779874,0.546666666,0.38832014611682053,27669
2025,"Jack Kochanowicz","LAA",23,207,5.44186047,54,7,0,30,26,4,23,0,5,28,0.308571428,0.396135265,0.417142857,0.35928623025544026,27688
2025,"Louis Varland","2 Tms",73,164,2.07692308,34,10,0,11,9,2,16,1,1,46,0.236111111,0.314814814,0.347222222,0.292556091124967,27691
2025,"Justin Sterner","ATH",57,158,2.43243243,34,5,0,10,10,6,12,0,3,43,0.241134751,0.31210191,0.404255319,0.31365647817113596,27694
2025,"Mitch Spence","ATH",31,202,4.21276596,46,10,0,29,22,8,15,2,3,32,0.254143646,0.31840796,0.44198895,0.32503476933618286,27707
2025,"Kyle Harrison","2 Tms",11,109,2.625,24,7,0,7,7,1,14,1,1,28,0.255319148,0.357798165,0.361702127,0.32065727313359577,27758
2025,"Eury Perez","MIA",20,167,3.76229508,31,11,0,17,17,5,13,0,2,45,0.203947368,0.275449101,0.375,0.2851980667628214,27768
2025,"Kyle Nicolas","PIT",30,97,5.55882353,22,3,0,14,14,3,7,0,0,17,0.247191011,0.298969072,0.382022471,0.2971843020203187,27775
2025,"Bryce Elder","ATL",28,344,6.8961039,96,21,0,59,59,14,19,0,4,64,0.300940438,0.347953216,0.498432601,0.36452611078295794,27779
2025,"Brandon Pfaadt","ARI",32,351,5.17959184,97,26,2,50,47,12,15,0,1,73,0.291291291,0.321937321,0.489489489,0.3463222703702769,27782
2025,"Brandon Young","BAL",11,112,7.15662651,27,6,0,23,22,6,6,0,0,24,0.262135922,0.297297297,0.495145631,0.3344223547626186,27819
2025,"Cade Smith","CLE",71,158,1.98165138,34,12,0,13,8,1,10,1,4,47,0.239436619,0.305732484,0.345070422,0.28656044373145473,27867
2025,"J.T. Ginn","ATH",23,207,3.78343949,37,7,0,23,22,7,12,0,3,65,0.192708333,0.251207729,0.338541666,0.2598322537786143,27889
2025,"Daniel Palencia","CHC",52,109,1.51685393,22,3,0,6,5,1,2,0,2,32,0.209523809,0.23853211,0.266666666,0.22480726679530713,27914
2025,"Ian Seymour","TBR",19,163,3.75,35,6,0,23,15,2,14,0,2,42,0.243055555,0.314814814,0.326388888,0.28726371975592624,27932
2025,"Gordon Graceffo","STL",26,111,6.65217391,30,7,3,18,17,2,9,0,2,22,0.303030303,0.369369369,0.494949494,0.3706564769014582,29519
2025,"Chase Lee","DET",31,85,4.71428571,21,4,1,11,11,6,4,0,2,22,0.272727272,0.317647058,0.584415584,0.37471858613631304,29574
2025,"Joe Boyle","TBR",13,106,3.64864865,20,5,0,12,10,3,13,0,3,26,0.222222222,0.339622641,0.377777777,0.3218576874373094,29608
2025,"Alek Jacob","SDP",29,96,4.5,22,5,0,10,10,4,10,0,6,18,0.275,0.395833333,0.4875,0.38676136421660584,29628
2025,"Matt Svanson","STL",39,140,2.45454545,24,3,1,11,10,3,8,0,1,39,0.186046511,0.235714285,0.294573643,0.23362519230161394,29629
2025,"Mason Montgomery","TBR",53,130,5.20481928,36,5,0,19,16,5,16,0,1,39,0.327272727,0.4140625,0.509090909,0.39980702800676227,29770
2025,"Bryce Miller","SEA",18,221,6,54,13,0,34,34,7,16,0,3,44,0.274111675,0.333333333,0.446700507,0.3368455299503727,29837
2025,"Emmet Sheehan","LAD",15,180,3.375,33,7,1,20,17,4,9,0,1,55,0.196428571,0.238888888,0.321428571,0.2442981716659334,29839
2025,"Ryan Bergert","2 Tms",19,139,3.17647059,25,4,0,12,12,4,14,0,1,33,0.204918032,0.289855072,0.336065573,0.2794300827427187,29863
2025,"Michael McGreevy","STL",17,210,3.23353293,45,7,2,22,20,3,6,0,2,31,0.225,0.254807692,0.325,0.25364135750211203,29869
2025,"Sean Burke","CHW",28,296,5.23880597,70,20,0,40,39,11,23,0,5,60,0.263157894,0.331081081,0.462406015,0.3424972479005118,29878
2025,"Andrew Abbott","CIN",29,510,3.04021448,110,19,1,48,42,17,34,0,2,109,0.234042553,0.286836935,0.387234042,0.29347250187560947,29911
2025,"Andrew Alvarez","WSN",5,83,2.25,12,2,0,7,5,1,10,0,0,16,0.164383561,0.26506024,0.232876712,0.23370879170406295,29914
2025,"Dylan Dodd","ATL",25,84,1.92857143,13,4,0,5,5,2,1,0,1,23,0.160493827,0.178571428,0.283950617,0.198488630709194,29928
2025,"Jordan Leasure","CHW",66,161,3.6302521,28,9,1,18,16,4,16,0,1,49,0.195804195,0.279503105,0.356643356,0.28037964075988864,29950
2025,"Cade Povich","BAL",22,372,5.25291829,95,16,1,52,50,13,33,2,1,86,0.283582089,0.347708894,0.453731343,0.345843296225478,30055
2025,"David Festa","MIN",11,115,5.12658228,27,2,0,16,15,7,9,0,2,26,0.262135922,0.330434782,0.485436893,0.35058202069738637,30056
2025,"Landen Roupp","SFG",21,219,3.83108108,55,9,0,27,21,6,15,0,1,54,0.275,0.325688073,0.41,0.3205619640306595,30076
2025,"Ben Casparius","LAD",46,196,5.78571429,45,14,1,31,30,6,9,0,2,41,0.245901639,0.287179487,0.431693989,0.30862214106779834,30085
2025,"Mike Vasil","CHW",46,218,2.61290323,38,9,1,17,15,3,27,1,4,43,0.204301075,0.31797235,0.311827956,0.28653715136978364,30105
2025,"Chad Patrick","MIL",27,266,4.22727273,57,9,0,31,31,10,18,1,1,71,0.232653061,0.286792452,0.391836734,0.29412981100154645,30113
2025,"Robert Suarez","SDP",66,132,2.16964286,19,2,0,9,9,4,3,0,1,41,0.149606299,0.175572519,0.259842519,0.1902400687450671,30115
2025,"Gavin Williams","CLE",31,341,3.14224138,79,12,1,31,27,10,35,0,3,80,0.261589403,0.343108504,0.407284768,0.3306899539186808,30122
2025,"Brant Hurter","DET",42,160,2.7,38,5,0,17,11,4,15,3,3,41,0.269503546,0.35,0.390070921,0.3214249170509873,30133
2025,"Tanner Bibee","CLE",31,349,4.24596774,82,12,0,45,39,13,21,0,5,73,0.255451713,0.311239193,0.414330218,0.31682717198940796,30134
2025,"Jack Leiter","TEX",29,319,4.52093023,74,15,0,37,36,8,32,0,4,69,0.263345195,0.344827586,0.402135231,0.32945929967497584,30146
2025,"Richard Fitts","BOS",11,113,5,26,2,0,17,15,7,4,0,3,24,0.25,0.294642857,0.471153846,0.32767259968178614,30160
2025,"Will Warren","NYY",32,315,4.22608696,67,16,1,43,36,10,18,0,4,92,0.23183391,0.282539682,0.397923875,0.2940357246096172,30182
2025,"Noah Cameron","KCR",24,421,2.96129032,89,12,1,34,34,13,34,1,2,87,0.231168831,0.296912114,0.368831168,0.29273575686273123,30184
2025,"Jackson Jobe","DET",10,114,4.94366197,28,5,0,13,13,3,16,0,2,20,0.294736842,0.403508771,0.442105263,0.37305581778810737,30203
2025,"Spencer Bivens","SFG",54,178,3.5859375,43,8,3,18,17,3,9,0,4,36,0.26380368,0.31638418,0.404907975,0.3140294477764496,30226
2025,"Hunter Dobbins","BOS",13,132,4.45360825,30,6,0,17,16,3,9,0,2,25,0.247933884,0.31060606,0.371900826,0.30168332385294366,30240
2025,"Jack Dreyer","LAD",65,200,3.42,39,13,1,19,19,3,13,4,0,51,0.214285714,0.262626262,0.346153846,0.2557104976521325,30249
2025,"Bryan Woo","SEA",30,360,3.09677419,70,11,0,33,32,14,12,0,1,109,0.20289855,0.231843575,0.356521739,0.25425424955410664,30279
2025,"Justin Wrobleski","LAD",24,199,3.52173913,51,13,0,20,18,3,13,1,1,54,0.278688524,0.326633165,0.398907103,0.3146031950459336,31204
2025,"Colton Gordon","HOU",20,301,5.86956522,82,20,1,47,45,19,14,2,2,53,0.29390681,0.327759197,0.577060931,0.37756461607486713,31312
2025,"Mason Fluharty","TOR",54,113,5.20481928,20,1,0,17,16,4,13,3,1,22,0.202020202,0.300884955,0.333333333,0.2752257357944142,31553
2025,"Carson Palmquist","COL",9,128,9,31,7,0,27,26,7,18,0,2,15,0.303921568,0.3984375,0.578431372,0.4056057329289615,31612
2025,"David Morgan","SDP",39,119,1.70526316,22,2,1,6,6,4,9,0,0,37,0.2,0.260504201,0.345454545,0.2663648008298473,31616
2025,"Jacob Misiorowski","MIL",15,133,3.51,24,4,1,13,13,2,14,0,2,33,0.205128205,0.300751879,0.307692307,0.27664141681857574,31623
2025,"Hayden Birdsong","SFG",21,152,3.56603774,27,3,0,16,14,3,16,0,4,35,0.20610687,0.309210526,0.297709923,0.27862849792367533,31635
2025,"Shane Smith","CHW",29,278,3.62686567,49,11,0,32,27,4,26,1,8,67,0.204166666,0.300724637,0.3,0.27268394708633426,31687
2025,"Jonathan Cannon","CHW",22,228,5.63924051,54,11,1,34,33,9,15,0,4,37,0.260869565,0.320175438,0.45410628,0.3336534693575742,31730
2025,"Mason Miller","2 Tms",59,132,1.94594595,15,2,1,9,8,1,10,0,0,65,0.122950819,0.189393939,0.180327868,0.17232651376363003,31757
2025,"Orion Kerkering","PHI",64,158,3.19090909,32,7,0,13,13,3,14,1,3,40,0.228571428,0.310126582,0.342857142,0.2894572452375084,31776
2025,"Troy Melton","DET",16,84,1.28571429,14,1,0,3,3,3,5,0,1,22,0.181818181,0.240963855,0.311688311,0.24539666147117156,31807
2025,"Cade Gibson","MIA",42,118,2.73033708,22,3,0,10,9,0,8,3,4,26,0.209523809,0.288135593,0.238095238,0.23363539446955142,31815
2025,"Zebby Matthews","MIN",16,178,3.888,44,6,0,18,18,3,10,0,0,43,0.266666666,0.305084745,0.357575757,0.29052429313713546,31827
2025,"Kodai Senga","NYM",22,218,3.01863354,41,12,3,20,18,5,19,0,2,50,0.209183673,0.284403669,0.37755102,0.2893430065671238,31838
2025,"Kumar Rocker","TEX",14,129,4.35483871,27,4,2,15,15,5,8,0,2,31,0.228813559,0.2890625,0.423728813,0.3082700418308377,31843
2025,"Spencer Schwellenbach","ATL",17,198,2.25,40,12,1,15,13,2,4,0,1,62,0.208333333,0.227272727,0.3125,0.23348765842842334,31846
2025,"Cade Horton","CHC",22,228,2.8255814,38,9,0,20,18,5,16,0,5,51,0.184466019,0.259911894,0.300970873,0.25245493860496826,31872
2025,"Brad Lord","WSN",48,275,3.24519231,61,9,1,26,25,4,16,0,2,43,0.241106719,0.289377289,0.33201581,0.27466228091236433,31972
2025,"Parker Messick","CLE",7,121,3.53571429,35,6,0,11,11,3,5,0,0,29,0.301724137,0.330578512,0.431034482,0.33077407917700524,31986
2025,"Cam Schlittler","NYY",14,125,3.6,23,6,0,12,12,4,10,0,5,32,0.211009174,0.304,0.376146788,0.3012696771621704,32095
2025,"Luis Morales","ATH",10,99,3.32876712,18,1,1,9,9,6,10,0,0,23,0.202247191,0.282828282,0.438202247,0.3111087047692501,32227
2025,"Chase Dollander","COL",21,201,6.21582734,45,7,0,34,32,6,19,0,4,45,0.255681818,0.34,0.397727272,0.32626149982213976,33482
2025,"Hurston Waldrep","ATL",10,102,2.76923077,17,2,0,8,8,1,9,0,2,23,0.188888888,0.274509803,0.244444444,0.24081312850409864,33527
2025,"Paul Skenes","PIT",31,339,1.61797753,60,17,0,17,16,4,14,0,3,92,0.186335403,0.227138643,0.276397515,0.22328510467281734,33677
2025,"Logan Evans","SEA",15,176,4.3902439,41,9,0,25,20,7,16,1,2,34,0.25949367,0.335227272,0.449367088,0.3394634539740426,33699
2025,"Nolan McLean","NYM",8,84,3.27272727,18,2,0,9,8,4,3,0,1,24,0.225,0.261904761,0.4,0.2861790855725606,33703
2025,"Yoshinobu Yamamoto","LAD",30,353,3.33590734,60,9,0,35,32,10,36,0,1,105,0.191082802,0.275568181,0.315286624,0.2654429731721228,33825
2025,"Yuki Matsui","SDP",60,158,3.52173913,27,7,1,16,15,4,19,2,1,34,0.201492537,0.297468354,0.358208955,0.28340519429781497,33826
2025,"Shota Imanaga","CHC",25,422,3.77507599,88,16,0,47,46,27,16,0,0,83,0.217821782,0.247030878,0.457920792,0.2988417840910071,33829
2025,"Yariel Rodriguez","TOR",63,176,2.47183099,28,5,0,13,13,5,11,1,3,50,0.176100628,0.24137931,0.301886792,0.23937369598818653,33838
2025,"Tomoyuki Sugano","BAL",29,316,4.95412844,82,11,0,42,40,13,16,1,4,51,0.279863481,0.32278481,0.450511945,0.33237542216739957,35321
2025,"Shinnosuke Ogasawara","WSN",22,99,7.89230769,27,6,0,19,19,5,9,0,2,16,0.310344827,0.383838383,0.551724137,0.39883797638344043,35324
2025,"Chase Burns","CIN",13,90,3.62686567,19,4,1,11,9,1,4,0,0,33,0.220930232,0.255555555,0.325581395,0.25407494637701244,35333